Unnamed: 0,ID,Text,Label
733,5517,bal,0
2264,2265,ржХрж╛рж▓рзЗржорж╛ ржорзБржЦрзЗ ржиржпрж╝ ржХрж▓ржмрзЗ ржЕрж░рзНржерж╛рждрзН ржЕржирзНрждрж░рзЗ ржерж╛ржХрзЗ ржХрж╛рж▓рзЗржорж╛,0
2886,2887,ржУржХрзЗ рждрзЛ рж╕рзЛржмрж╛ржЗ ржЯрзЗрж╕рзНржЯрзЗ ржЪрзБржжрзЗ рж░рж╛ржЦрж┐ ржирж┐,0
533,534,I heat rano mondol sali,0
524,5308,@united india wasa faltu movie ke lia time nai ha mara pas,0
245,5029,ржжрж╛рж░рзБржи рж▓рж╛ржЧрж▓рзЛ,0
1154,5938,ata top chelo,0
679,680,ржПржЗ ржорж╣рж┐рж▓рж╛ ржПржХржжрж┐ржи рж╣рж┐ржорзЗрж╢ржХрзЗ ржЕрж╕рж┐ржХрж╛рж░ ржирж╛ ржХрж░рзЗ ржмрж╕рзЗредржлрж╛рж▓рждрзБ ржорж╣рж┐рж▓рж╛ ржПржХржЯрж╛ред,0
3337,3338,Ekdom thik Bhai тЬМя╕П,0
1723,1724,Osikkhito osikkhitoi hoy,0
970,5754,gaan ta sera...just kono kotha hobe na...ЁЯШЕЁЯШЕЁЯШЕЁЯШЕЁЯШЕ,0
2593,2594,Tur baler kotha AR bolo na,0
485,486,Vai o superstar na o Vikari Star ЁЯМЯ,0
3810,3811,Right yrr,0
2757,2758,Chi ki jata....,0
632,633,Kothay ata,0
395,5179,budi tui ki seta ami jani vikhari budi,0
2818,2819,"ржлрж╛рж▓рждрзБ ржПржХржЯрж╛ ржкрж░рж┐ржЪрж╛рж▓ржХредредредред ржЬрзБрждрж╛ ржкрзЗржЯрж╛ ржХрж░рж╛ ржжрж░ржХрж╛рж░редредред рж╕ржирж╛рждржирж┐ ржЖржорж░рж╛ рж╕ржорж╛ржЬржЯрж╛ржХрзЗ ржирж┐рзЯрзЗ ржПржЧрзБрж▓рзЛ
ржирж╛ ржХрж░рж▓рзЗ ржнрж╛рж▓рзЛ",0
1185,1186,Public sympathy.. ei kotha ta ekdom thik bollen,0
555,556,"@Sruti Paul ,ржзрж░рзНржоржХрзЗ ржмрж┐ржЬрзНржЮрж╛ржи ржжрж┐рзЯрзЗ ржпрзБржХрзНрждрж┐ ржжрзЗржи рз╖ржХрж┐ ржХрж╛рж░ржирзЗ ржорж╛рж╕рж┐рж░ ржорзЗрзЯрзЗржХрзЗ ржмрж┐ржмрж╛рж╣ ржХрж░рж╛
ржпрж╛ржмрзЗ ржирж╛ , рждрж╛ржжрзЗрж░ ржЙржнрзЯрзЗрж░ рж░ржХрзНржд рж╕ржорзНржкрж░рзНржХ ржпрзЗржЦрж╛ржирзЗ ржЖрж▓рж╛ржжрж╛ рз╖",0
318,4145,Video r pore toh valoi thapiacho ЁЯШВЁЯШВЁЯШВЁЯШВ,0
673,5457,"oo anna commentlu chaduvutave nuvvu eppudina doubt ochhi adugutunna etakaram
anukunev korivikaram kuda kadu",0
1298,1299,. рж░рж╛ржирзБ ржкрж╛ржЧрж▓рж┐,0
254,5038,khub vlo,0
2218,2219,",ЁЯШнЁЯШнЁЯШнЁЯШнЁЯШнЁЯШнЁЯШнЁЯШнЁЯШнЁЯШнЁЯШнЁЯШнЁЯШнЁЯШнЁЯШнЁЯШнЁЯШнЁЯШнЁЯШнЁЯШнЁЯШнЁЯШнЁЯШнЁЯШнЁЯШнЁЯШнЁЯШнЁЯШнЁЯШн",0
3750,3751,Sopar boss Tomi j galo blacho akdom raite,0
226,227,Nice DADA ЁЯСНЁЯСНЁЯСН,0
3612,3613,Thik Bolecho,0
1566,1567,Balar prem eta hay naki,0
3368,3369,Mudi jemon Ranu temon... Bortoman Bharoter etai niom!,0
291,4118,"Ai sb dakhano bandho krun..ai sb ghatona aro khoti kre samaje...please ai sb
nongramo Bandho krun",0
799,800,Darun dada ЁЯСНЁЯСНЁЯСНЁЯСН,0
804,4631,ржЫрж┐ ржмрж╛рж▓ ржЫрж┐ ржЫрж┐,0
118,3945,"Darun bolechho dada aamr 1st a ranudi ke khb valo lgechhilo kintu onar
behavior dekhe sob valo laga harie gchhe",0
401,5185,fazil kuhtakar behdop,0
1348,1349,ржЖржкржирж┐ ржмрзЗрж╢рж┐ ржмржХржмржХ ржирж╛ ржХрж░рзЗ ржнрж┐ржбрж┐ржУржЯрж╛ рж╢рзБрж░рзБ ржХрж░рзБржи,0
1177,5961,sei seiЁЯСМЁЯСМЁЯСМ,0
502,4329,Ranu ke industry te rakai thik hocche na,0
738,739,Ranu mondoler gaan Sona to dure thank.or mukhthao hate Kore.,0
1154,1155,Faltu singer ranu mondol ЁЯШЭЁЯШЭЁЯШЭ,0
449,450,ranu mondall ooo tumi ki karap o ranu mondoll ki jutor malla poraooooo,0
2904,2905,Bikkuk jotoi Boro hok se bikkuk ei take,0
3807,3808,Video ta bekar . .. Asol kotha niye to kono alochona korli na,0
1943,1944,Absolutely right bollen,0
3776,3777,ranu vikari chilo vikari ar o vikari thakba khanki,0
1273,1274,Arokom kora akdom apnar uchit hoi ni .....,0
1123,1124,"ржУржХрзЗ ржЖржмрж╛рж░ ржЖржЧрзЗрж░ ржоржд ржнрж┐ржХрзНрж╖рж╛ ржХрж░рж╛ржирзЛржЗ ржЙржЪрж┐ржд
рждрж╛рж╣рж▓рзЗ ржпржжрж┐ ржмрзБржЭрзЗ ржирж┐ржЬрзЗрж░ ржЬрж╛рзЯржЧрж╛ ржУ",0
212,213,Keno,0
2316,2317,"@Sonali Nondini ЁЯШБ ЁЯШВ ЁЯШГ ЁЯШД ЁЯШЖ ЁЯШЙ ЁЯШЧ,,,,
ржЖржорж╛ржХрзЗ comments korar jonno apnake ржЕрж╕ржХрзНрж╖ ржзржирзНржпржмрж╛ржж рж╕рзЛржирж╛рж▓рзА ржжрзЗржмрзА ЁЯЩП,,,,
ржЖржорж┐ ржнрж╛ржкржЫрж┐ ржПржХ ржмрж╛рж▓рждрж┐ ржЙржХрзБржи ржХржерж╛ ржерзЗржХрзЗ ржЬрзЛржЧрж╛рзЬ ржХрж░ржмрзЛ ,, ??
Amazon ржП ржЕржбрзЗрж░ ржХрж░рж▓рзЗ ржХрж┐ ржкрж╛ржУрзЯрж╛ ржпрж╛ржмрзЗ,,, ???
Good Night my friend.
рж╢рзБржн ржорж╣рж╛рж▓рзЯрж╛рж░ ржкрзНрж░рзАрждрж┐ ржУ рж╢рзБржнрзЗржЪрзНржЫрж╛ рж░ржЗрж▓рзЛ,, ржнрж╛рж▓рзЛ ржерж╛ржХржмрзЗржи ЁЯЩП",0
2525,2526,"ржЖржкржирж╛рж░рж╛ ржпрзЗ ржпрж╛рж░ ржоржд ржЦрж╛рж░рж╛ржк ржоржирзНрждржмрзНржп ржХрж░ржЫрзЗржи ржХрзЗржи ржмрзБржЭрж▓рж╛ржо ржирж╛ ржПржХржорж╛ржП ржирж┐ржЬрзЗрж░ ржорж╛рзЯрзЗрж░ ржкрзЗржЯрзЗрж░ ржнрж╛ржЗ
ржмрзЛржи ржЫрж╛рзЬрж╛ ржХрж┐ржирзНрждрзБ ржмрж┐рзЯрзЗ рж╣рзЯ рждрж╛рж╣рж▓рзЗ ржнрж╛рж▓ржмрж╛рж╕рждрзЗ ржЕржкрж░рж╛ржз ржХрзЛржерж╛рзЯ",0
77,3904,Thik bolcanтЬМтЬМтЬМ,0
472,5256,tor oi chakor britti kora tai saje.....oshikhitto,0
1457,1458,valu kichu dekha sala.,0
3490,3491,ржнрж╛рж▓рзЛ рж▓рж╛ржЧрж▓ ржХржерж╛ ржЧрзЛрж▓рзЛ,0
2718,2719,"Satyajit ray o nijer mamato bon ke biye korechilen kintu take keu kicchu
boleni ba seta niye keu troll o korena karon se satyojit
ray..................even india a te jara telugu people tara cousin der ke
biye kore. eta jante pere amio obak hoyechilam.",0
356,357,ржнрж╛рж▓рзЛ рж▓рж╛ржЧрж▓рзЛредредредред,0
781,5565,ржЕрж╕рж╛ржзрж╛рж░ржг,0
1792,1793,Bal marne,0
601,602,Part 2 koro,0
1651,1652,ржЖржорж┐ рждрзЛ ржЬрж╛ржирждрж╛ржо ржЖржорж┐ ржЖрж╕рж▓рзЗ ржХрж┐ред ЁЯдгЁЯШВ,0
3659,3660,Kak mayur pankh lagale mayur hoyna,0
479,4306,Bahi Tumi Sara ЁЯШАЁЯе░ЁЯе░,0
2435,2436,"Amr j ai rnu tar upre blv hoi nhh j aita atw bhlw guty pree .. R thinking bhut
khrp",0
43,4827,akash baidya 38,0
740,5524,darunЁЯСМЁЯСМЁЯСМ,0
3329,3330,Bikere Pagli,0
180,4007,Ranu di emni hotei pare na,0
1141,1142,Ranu Mandal k dekle ..birokto lage,0
151,152,ржжрзБржЬржирзЗрж░ рж╕ржорзНржорждрж┐ ржерж╛ржХрж▓рзЗ ржЖржорж╛рж░ ржЖржкржирж╛рж░ ржЬрзНржмрж▓рзЗ ржХрзЗржи,0
510,511,ржЕржирзЗржХ ржнрж╛рж▓рзЛ рж▓рж╛ржЧрж▓рзЛ ржнрж╛ржЗ ржЖржкржирж╛рж░ ржнрж┐ржбрж┐ржУржЯрж┐,0
2346,2347,Thik bolechen. Peter daye to tahole sobai churu korteo suru kore debe,0
724,4551,"рж░рж╛ржи,ржжрж┐ржХрзЗ,ржмрзЗржзрзЗ,ржЪрж┐рж░рж┐ржЖржЦрж╛ржирж╛,рж░рзЗржЦрзЗ,ржжрж┐ржХ",0
163,4947,valo,0
514,515,ржврзЗржБржХрж┐ рж╕рзНржмрж░рзНржЧрзЗ ржЧрзЗрж▓рзЗржУ ржзрж╛ржи ржнрж╛ржЩрзЗ | ржнрж╛ржЗ ржЫрж╛ржЧрж▓ржХрзЗ рж▓рж╛ржЩрзНржЧрж▓ ржЯрж╛ржирждрзЗ ржжрзЗржЦрзЗржЫрзЛ?,0
2675,2676,Ha ha,0
3769,3770,Thik i bole6is but 1 ta topic niea video ta thik noi onno topic dak,0
850,5634,ekdm thik blecho vai,0
3629,3630,Right vai ЁЯСМЁЯСМЁЯСМЁЯСМЁЯСМ,0
493,5277,ржмрж╛ржмрж▓рзБ ржмрж╛ржВрж▓рж╛ржжрзЗрж╢рзЗрж░ рж╕рж╛рждржХрзНрж╖рзАрж░рж╛ ржЬрзЗрж▓рж╛ ржерзЗржХрзЗ ржжрзЗржЦржЫрж┐,0
148,3975,Dada tmr bari Ki Cooch beher ey,0
2741,2742,Dada ekdom thik kotha bolechen,0
2681,2682,ржЖржорж╛рж░ рж╣рзЛржЧрж╛ ржорж╛рж░рж╛ рж╕рж╛рж░рж╛.... рж░рж╛ржирзБрж░ рж╣рзЗржЯрж╛рж░рзНрж╕ рж▓рж╛ржЗржХ ржжрзЗрж░рзЗ....,0
779,4606,"Ranu buri ta moreo na
Joghonno gola
Lata Mangeshkar hobe
Tor mundu
ЁЯШ╣ЁЯШ╣",0
1527,1528,"Video valo laglo, tobe apna thobra na dekhiye videota banale aro valo lagto.",0
2397,2398,Tor video Amar besi birikto lagche,0
693,4520,Jara eirokom kaj kore tader ekmatro fasi deowa uchit,0
1303,1304,ржПрж░рж╛ ржжрзБржЬржирзЗ ржирж┐ржЬрзЗрж░ ржнрж╛ржЗ ржмрзЛржи ржирзЯ редржПржХ ржорж╛рж╕рж┐рж░ ржорзЗрзЯрзЗ ржЖрж░рзЗржХ ржорж╛рж╕рж┐рж░ ржЫрзЗрж▓рзЗ ред,0
1480,1481,"ржЖржЬ ржкрж░рзНржпржирзНржд рж░рж╛ржирзБ ржоржирзНржбрж▓ ржПрж░ ржпрждржЧрзБрж▓рзЛ рж╕рж╛ржХрзНрж╖рж╛рзОржХрж╛рж░ рж╣ржпрж╝рзЗржЫрзЗ ,рждрж╛рж░ ржПржХржЯрж╛рждрзЗржУ рж░рж╛ржирзБ ржоржирзНржбрж▓ ржПрж░
ржЪрзЛржЦрзЗ ржЬрж▓ ржЭрж░рзЗржЫрзЗ ржХрж┐ ??ржмрж░ржВ ржкрж░ржо рж╣рж╛рж╕рж┐ржорзБржЦрзЗ рждрж┐ржирж┐ ржХржЦржирзЛ ржХржЦржирзЛ рж╕рж╛ржХрзНрж╖рж╛рзОржХрж╛рж░ ржжрж┐ржпрж╝рзЗржЫрзЗржи!!! ржЖрж░
ржПржЦрж╛ржирзЗржЗ ржмрзЛржЭрж╛ ржпрж╛ржпрж╝ рж░рж╛ржирзБ ржоржирзНржбрж▓рзЗрж░ ржмрзНржпржХрзНрждрж┐рждрзНржм ржХрждржЯрж╛ ржирж┐ржХрзГрж╖рзНржЯ !!! ржпрзЗ ржорж╛ржирзБрж╖ ржнрзБрж▓рзЗ ржпрж╛ржпрж╝
ржпрзЗ рж╕рзЗ ржЕрждрзАрждрзЗ ржХрж┐ ржЫрж┐рж▓ ржПржмржВ ржмрж░рзНрждржорж╛ржирзЗ ржХрж┐ рж╣ржпрж╝рзЗржЫрзЗ рждрж╛рж░ ржкржХрзНрж╖рзЗ ржЕрж╣ржВржХрж╛рж░рзЗрж░ ржЪрж░ржо рж╕рзАржорж╛ рж▓ржВржШржи
ржХрж░рж╛ржЯрж╛ржЗ рж╕рзНржмрж╛ржнрж╛ржмрж┐ржХ ...рждржмрзЗ ржЪрж┐ржирзНрждрж╛ ржирзЗржЗ ...ржХрж╛рж░ржг, ржпрзЗ ржорж╛ржирзБрж╖рзЗрж░ ржмрзНржпржХрзНрждрж┐рждрзНржм ржмрж▓рзЗ ржХрж┐ржЫрзБ
ржерж╛ржХрзЗржирж╛ рж╕ржорж╛ржЬрзЗрж░ ржЙржЪрзНржЪрждржо рж╕рзАржорж╛ржпрж╝ рждрж╛рж░рж╛ ржмрзЗрж╢рж┐ржжрж┐ржи ржЯрж┐ржХрждрзЗржУ ржкрж╛рж░рзЗ ржирж╛... ржорж╛ржирзБрж╖рзЗрж░ ржмрзНржпржмрж╣рж╛рж░,
ржорж╛ржирзБрж╖рзЗрж░ ржмрзНржпржХрзНрждрж┐рждрзНржмржЗ ржорж╛ржирзБрж╖ржХрзЗ рж╕ржорж╛ржЬрзЗрж░ рж╕рж░рзНржмрзЛржЪрзНржЪ рж╕рзНржерж╛ржирзЗ ржЖрж╕рзАржи рж░рж╛ржЦрзЗ.. ржЖрж░ ржпрж╛ржжрзЗрж░
ржмрзНржпржХрзНрждрж┐рждрзНржм ржирж┐ржорзНржи рж╣ржпрж╝ public рж╣ржпрж╝рждрзЛ рждрж╛ржХрзЗ ржирж┐ржпрж╝рзЗ ржжрзБ'ржЪрж╛рж░ржжрж┐ржи ржирж╛ржЪрж╛ржирж╛ржЪрж┐ ржХрж░рзЗ ржарж┐ржХржЗ,
ржХрж┐ржирзНрждрзБ ржПржХрж╕ржоржпрж╝ рждрж╛рж░ ржкржжрж╕рзНржЦрж▓ржи ржЕржмрж╢рзНржпржЗ ржШржЯрзЗ... рж░рж╛ржирзБ ржоржирзНржбрж▓ ржПржоржиржЗ ржПржХржЯрж┐ ржЙржжрж╛рж╣рж░ржи...!!!",0
3421,3422,ржжрж╛ржжрж╛ ржЖржкржирж┐ ЁЯТп% рж╕рждрзНржпрж┐ ржХржерж╛ ржмрж▓рзЗржЫрзЗржи,0
2376,2377,Ek dam right,0
2105,2106,ржмрж╛рж▓рзЗрж░ ржЧрж╛ржи ржЯрж╛ рж╢рзБржирж▓рзЗржЗ ржЧрж╛ ржЬрзНржмрж▓рзЗ,0
2674,2675,"A. P. J Abdul Kalam bola chilo j ohonker tkhon kora jakhon se aomn kichu paya
jai j seta tar poyer joggo thakana.... ЁЯШБ ЁЯШБ ЁЯШБ ЁЯШБ",0
331,5115,good year.. valo ta bananor janno..darun,0
3427,3428,Tue jantis Tue keli mulor dokan,0
2752,2753,"Kopaal to vaalo j Vogobaaner chaakor bolechhe Nijer chakor boleni J eii
besi....",0
335,4162,ржПржХржжржо ржарж┐ржХ ржмрж▓рзЗржЫрзЗржи,0
1433,1434,ржЫрж┐ ржорж┐ржерж┐рж▓рж╛ ржПрждрзЛ рж░рзБржЪрж┐рж╣рзАржи ржЬржШржирзНржп,0
1452,1453,"ржЫрж┐ржГ ржирзЛржВрж░рж╛ ржЪрж░рж┐рждрзНрж░рж╣рзАржи ржорж╛ржирзБрж╖,,,,ржнрж╛рж▓рзЛ рж╣рзЯрзЗржЫрзЗ ржорж░рзЗ ржЧрзЗржЫрзЗ ржжрзБ'ржЬржирзЗржЗ, ЁЯШбЁЯШб",0
1143,1144,Ranu mental ЁЯШВЁЯШВЁЯШВЁЯШВЁЯШВЁЯШВЁЯШВЁЯШВЁЯШВЁЯШВЁЯШВ,0
2237,2238,ржнрж┐ржЦрж╛рж░рж┐ ржпржжрж┐ ржкржпрж╝рж╕рж╛ржУржпрж╝рж╛рж▓рж╛ рж╣ржпрж╝рзЗ ржпрж╛ржпрж╝ рждрж╛рж╣рж▓рзЗ ржПрж░ржХржорж┐ рж╣ржпрж╝ ржЖрж░ рж╕рзЗ ржорж╛ржирзБрж╖ржХрзЗ ржЪрж┐ржирждрзЗ ржкрж╛рж░рзЗ ржирж╛,0
885,4712,"Comments respectful Korte gele somajer baki apodgulo k bidaikorun Karon ekhane
onek osikhitto support korche eighotona k indirectly and nijer cultureanusar
slang use korche eder ghardhakka diye berkora uchit so be careful .",0
873,874,Khub valo,0
785,786,"рж░рж╛ржирзБ ржоржирзНржбрж▓рзЗрж░ рж╕рзБрж░рзЗрж▓рж╛ ржХржгрзНржа ржпрзЗржоржи ржЙржЪрзНржЪ ржкрзНрж░рж╕ржВрж╢рж╛рж░ ржжрж╛ржмрж┐ рж░рж╛ржЦрзЗ ..рждрзЗржоржирж┐ ржЕржХрзГрждржЬрзНржЮрж╛рж░
ржзрж┐ржХрзНржХрж╛рж░",0
1980,1981,"@Jhilik K рж╣рзБржо ржЖржЧрзЗ ржЬрж╛ржирж╛ ржЫрж┐рж▓ржирж╛,, рждржмрзЗ ржПрждрзЗ ржХрзЛржи ржкрж╛ржк ржирзЗржЗ ржПрж░рж╛ ржмрж┐рзЯрзЗ ржХрж░рждрзЗ ржкрж╛рж░рзЗред ржЖрж╕рж▓рзЗ
рждрзЛржорж╛ржжрзЗрж░ рж╣рж┐ржирзНржжрзБрждрзНржмржмрж╛ржжрзЗрж░ ржХрж┐ржЫрзБ ржирж┐рзЯржо ржЬрзАржмржи ржХрзЗ ржмрзЗрж╢рж┐ ржХржарж┐ржи ржХрж░рзЗ ржлрзЗрж▓рзЗржЫрзЗред ржПрж╕ржм ржерзЗржХрзЗ ржмрзЗрж░
рж╣рзЯрзЗ ржЖрж╕рж╛ ржЙржЪрж┐рзО",0
670,4497,Darun hoye6e,0
2396,2397,Ripon8 Majumdar,0
1633,1634,ржнрж╛ржЗ ржПржХржжржо ржарж┐ржХ ржХржерж╛ ржЧрзБрж▓рзЛ ржмрж▓ржЫрзЗржиредред ржЕржирзЗржХ ржЕржирзЗржХ ржзржирзНржпржмрж╛ржжредредред,0
1930,1931,"Koutuhol Nie video ta dekhchlm. Comment gulo porar por ekta kotha bar bar
vabchi era na thakle hyto amader maa bon der surokkhito rakhte partam na.
Tomra acho boley Kichu manus rupi poshu amader bon der dhore tanche na. But
eder Nie erom video koro na.view pabe ank. Tao bolam koro naa.",0
3540,3541,Bpk bro,0
82,4866,"ржПрж╕ржм ржирж╛ ржжрзЗржЦрзЗ ржкрж╛ржБржЪ ржУрзЯрж╛ржХрзНржд ржирж╛ржорж╛ржЬ ржкрзЬрзЛржЧрзЗ ржпрж╛ржУ, ржирзЯржд ржЖрж▓рзНрж▓рж╛рж╣ рждрзЛржорж╛ржХрзЗ ржЬрж╛рж╣рж╛ржирзНржирж╛ржорзЗ ржкрж╛ржарж╛ржмрзЗред",0
907,5691,akdom thik thak akta vedio daklam atodin pora.... thanks.....,0
458,5242,akjon faltu lady,0
1466,1467,bal ar singer...,0
3509,3510,"ржП ржЖржЬ ржкрзНрж░ржорж╛ржи ржХрж░рзЗ ржжрж┐рж▓, ржпрзЗ ржорж╛ржирзБрж╖ ржЦрзБржм рждрж╛рж░рж╛рждрж╛рж░рж┐ ржЙржкрж░рзЗ ржЙржарзЗ ржЧрзЗрж▓рзЗ ржорж╛ржирзБрж╖ ржХрждржЯрж╛ ржирзАржЪ,
ржЕрж╣ржВржХрж╛рж░ ржоржирзЗрж░ ржорж╛ржирзБрж╖ рж╣рждрзЗ ржкрж╛рж░рзЗ ред ржЫрж┐, ржЫрж┐",0
770,771,"Aapni ekdom sotti bolchen Ranu beimaan, beimaan, beimaan",0
755,5539,vahia tumi ato dustami kutha hoty sikoch???,0
3706,3707,рж░рж╛ржирзБ ржкрж╛ржарзА ЁЯРРЁЯРРЁЯРРЁЯРРЁЯРРредредредредред рждрзЛрж░ ржорзБржЦ ржжрзЗржЦрждрзЗ ржХрж┐рж╕рзЗрж░ ржорждрзЛ ржЖржпрж╝ржирж╛рж░ рж╕рж╛ржоржирзЗ ржжрж╛ржБрзЬрж┐рзЯрзЗ ржжрзЗржЦрзЗ ржирж┐рж╕ред,0
118,4902,thanks apnader video gula dewar jonno,0
3699,3700,Etaa Kon jaiga,0
3089,3090,Darun phata fathe,0
213,214,"Vikhari jmon Hoya uchit
Proman hoye gache",0
1882,1883,"Super ,dada teeth ta dhako ,",0
1406,1407,ЁЯдгЁЯШВЁЯдгЁЯдгЁЯдгЁЯШВ,0
677,5461,рждрзБржЗ ржПржХржЯрж╛ ржЕржорж╛ржирзБрж╖ рж╢рж╛рж▓рж╛,0
1438,1439,Hmmmm hoy,0
160,3987,ржЫрж┐ржГ рж╕ржорж╛ржЬрзЗрж░ рж▓ржЬрзНржЬрж╛ ржПрж░рж╛ ржпрзЗ ржХрзЗржи ржЬржирзНржорж╛рзЯ,0
1160,5944,"dekho supriyo da, ami tomar ekjon fan...kintu dada enader niye please roast
krona...tomar sob video ami dekhechi, share o korechi..kintu eta ami
dekhbona...  
karon dekho era roast er na era somman er joggo tai erder niye troll kora ta
thik na goo....  
choto bhai hisabe bolechi kothata jodi kharap lage tahole khoma kore diyo..",0
481,482,Gunda der ke daka ucit,0
899,5683,chorom lglo sei lglo sei ЁЯШШЁЯШШЁЯШШ just chumuЁЯе░ЁЯШН,0
958,959,"No for Ranu mandal .
ЁЯСН 4 Sreya Ghoshal .
ЁЯСН 4 Ashamed Bhosle .
ЁЯСН 4 Lala Madam .",0
2111,2112,Salir abar buri boyeshe khub giyar,0
135,3962,"Daruuuuuun dada daruuun ami vabchilam avabe keu to ranu mondol k boluk apni
darun bolechen.....Ami j ki happy bojate parbona..anek valo laglo vedio ta....",0
2679,2680,Nice dada khub bhalo lagloЁЯШНЁЯШН,0
1499,1500,"Chokhe jol ajhore beriye gelo
Khb valo hto jodi okhanei oder mere felto
Ar kobe sasti pabe ora",0
3102,3103,"Ta dada apnito koyel mollik kobe ranu didi k juta diye marlo.....pagol choda
vul val thambel diye video banano",0
2784,2785,Faltu ranu,0
3023,3024,Osadharon bolle vai 2mi just salute to u bcz sottita bolte sobai pare na ЁЯЩПЁЯП╗ЁЯЩПЁЯП╗ЁЯШК,0
3183,3184,"Je lokta host krche mane je golpo take represent korche ei loktar kotha bolar
style ta just joghonno...ektuo valo lgena.....",0
2317,2318,"ржжрж╛ржж ржЖржорж┐ржУ рждрзЛржорж░ рж╕рж╛ржерзЗ ржПржХржоржд ржарж┐ржХ ржмрж▓рзЗржЫ, ,ЁЯСМЁЯСМ",0
316,317,"eder uthteo somoy lagena porteo somoy lagena, nijeke Lata Ji er sathe tulona
kore, boddho pagol chara ki arr bolbo janina, chotokhato karor sathe tulona
korleo mana jeto, era bhule geche shilpi hote gele agey bhalo manush hote hoy",0
1649,1650,asol adress,0
376,377,Bokacoda tui ranur cakor,0
1320,1321,Apni amar sathe jogajog korunn. Ekta apner ganer video niye,0
888,889,ржорж┐ржерж┐рж▓рж╛ ржорзБржЦрж╛рж░рзНржЬрж┐,0
3358,3359,@Surajit Chakraborty Ata to Toder kahini Hindur bachcha,0
200,201,Tika,0
68,3895,Fasi onek kom shasti holo eder ke kupiye mara uchit chilo....,0
1195,1196,Porimoni ar o kichu dekhte amr channel visit korun,0
3360,3361,ржПржЯрж╛ ржХрзЛржи ржЬрж╛рзЯржЧрж╛рзЯ...???,0
2959,2960,Kichu bolbona just hashi paccheЁЯдгЁЯШВЁЯдгЁЯШВ,0
792,4619,ржнрж╛рж▓рзЗрж╛,0
3275,3276,Ekdmm tai,0
1266,1267,Akhon to Teri Meri sunlei gaa jole othe vai,0
3813,3814,"Akdom. Thik. Bolecho. Vai. Oi. Sala. Ranu. KE. Abar. Seyi. Stesone. Chere.
Diasar
Darkar",0
309,4136,ржирж╕рзНржЯ ржирж╕рзНржЯ ржирж╕рзНржЯ,0
1810,1811,Dada kotha gulo 100%thik tomar,0
440,5224,"bangali der to sab kichutei ektu besi barabari  
tai bolchhi ranaghater name abar ranu ghat na kore dei",0
934,5718,"darun hoya6a boss....  
1dom thik kotha bola6o....  
asole bador er hate narkol pora6a to tai ki korbe bujte par6a na....",0
1574,1575,"funny vedio bananor akta concept thaka dorkar...
eta ki dhoroner funny vedio.??",0
1163,1164,"""Aaj ke morle kalke dudin"" Epic.. ЁЯШВЁЯШВЁЯШВЁЯШВ",0
35,4819,falto,0
1119,1120,NYC video next kro video sm,0
2635,2636,рждрж╛ржХрзЗ ржЖржорж╛рж░ ржХрж╛ржЫрзЗ ржкрж╛ржарж╛ржУ ржЖржорж┐ рждрж╛ржХрзЗ ржмрзБржЭрж╛ржм,0
3481,3482,"Just kicu bolar nay....... J bola6o r kicu bolar nay ........ Ai mohila k sojo
hoy na",0
158,4942,ranu mondal=ЁЯТйЁЯТйЁЯТй,0
1124,5908,ohhh matha kharap kora video hoya6e...ЁЯдгЁЯдгЁЯШВЁЯШВЁЯШВ,0
269,4096,ржарж╛ржХрзБржорж╛рж░ ржнрж╛ржм ржЯрж╛ ржжрзЗржЦ .... рж╢рж╛рж▓рж╛,0
3257,3258,Daryn laglo,0
497,498,Ranu mondal diye bathroom poriskar korabo,0
1181,1182,Pure khati kotha village pure khati kotha bole 94 din Na main,0
3445,3446,Baiman Ranu Mondal aur Jane railway station thik achhe,0
2371,2372,"ржнрж┐ржЦрж╛рж░рж┐рж░ ржорзБржЦрзЗ ржП ржХрж┐ рж╢рзБржиржЫрж┐??? ржПржЗ ржнрж┐ржЦрж╛рж░рж┐ржирзА рж░рж╛ржирзБ ржоржирзНржбрж▓ ржХрзЗ рж╣рж╛рждрзЗ ржерж╛рж▓рж╛ ржжрж┐рзЯрзЗ рж╕рзНржЯрзЗрж╕ржирзЗ
ржмрж╕рж┐рзЯрзЗ ржЖрж╕рж╛ ржжрж░ржХрж╛рж░ред",0
634,4461,Barasat mafossil sahor k bollo?barasat e kolkatar ja ache tar sob i ache.,0
856,857,ржЖржкржирж╛рж░ ржХржерж╛ржЧрзБрж▓рзЛ рж╢рзБржирзЗ ржоржирзЗ рж╣ржЪрзНржЫрзЗ ржЖржкржирж┐ ржарж┐ржХ ржЖржорж╛рж░ ржоржирзЗрж░ ржХржерж╛ржЧрзБрж▓рзЛржЗ ржмрж▓рзЗржЫрзЗржи,0
189,190,ржХрж┐ ржПрж╕ржм,0
190,4974,ржПржХ ржЧрзНрж▓рж╛рж╕ ржЬрж▓ржжрзЗ ржХрзЗржЙ ржбрзБржмрж╛ржорж░рж┐,0
903,4730,"Ha vai tik bole6o 1st je kahanki ta ke dhekale na oo amar ka6 theke 1200 taka
nea6ilo",0
2979,2980,Dada koyel mollik bekti non,0
538,5322,chal kutti,0
253,254,ржнрзБрж▓ рждрзЛ ржЖржкржирж╛ржжрзЗрж░ ржХрж┐ржЫрзБ ржПржХржЯрж╛ ржкрзЗрж▓рзЗржЗ рж╣рж▓рзЛ ред,0
928,929,ЁЯШДЁЯдгЁЯдгЁЯШДЁЯШВЁЯШД,0
723,724,ЁЯСМЁЯСМЁЯСМЁЯСМЁЯСМ,0
47,4831,kabar,0
718,719,ржнрж┐ржбрж┐ржУ ржХрж░рж╛ ржЙржЪрж┐рзО рж╣рзЯржирж┐ ржЖржкржирж╛рж░ ржУржжрзЗрж░ ржкрзЗржЯрзЗ рж▓рж╛ржерж┐ ржорж╛рж░ржЫрзЗржи ржХрзЗржи,0
822,4649,Dada kamon a6o,0
1169,5953,"ржЦрзБржм рж╕рзБржирзНржжрж░ ржЦрзБржм рж╕рзБржирзНржжрж░ ржЦрзБржм рж╕рзБржирзНржжрж░ ржЦрзБржм рж╕рзБржирзНржжрж░ ржЦрзБржм рж╕рзБржирзНржжрж░ ржЦрзБржм рж╕рзБржирзНржжрж░ ржЦрзБржм рж╕рзБржирзНржжрж░
ржЦрзБржм рж╕рзБржирзНржжрж░ ржЦрзБржм рж╕рзБржирзНржжрж░ ржЦрзБржм рж╕рзБржирзНржжрж░ ржЦрзБржм рж╕рзБржирзНржжрж░ ржЦрзБржм рж╕рзБржирзНржжрж░ ржЦрзБржм рж╕рзБржирзНржжрж░ ржЦрзБржм рж╕рзБржирзНржжрж░
ржЦрзБржм рж╕рзБржирзНржжрж░ ржЦрзБржм рж╕рзБржирзНржжрж░ ржЦрзБржм рж╕рзБржирзНржжрж░ ржЦрзБржм рж╕рзБржирзНржжрж░ ржЦрзБржм рж╕рзБржирзНржжрж░ ржЦрзБржм рж╕рзБржирзНржжрж░ ржЦрзБржм рж╕рзБржирзНржжрж░
ржЦрзБржм рж╕рзБржирзНржжрж░ ржЦрзБржм рж╕рзБржирзНржжрж░ ржЦрзБржм рж╕рзБржирзНржжрж░ ржЦрзБржм рж╕рзБржирзНржжрж░ ржЦрзБржм рж╕рзБржирзНржжрж░ ржЦрзБржм рж╕рзБржирзНржжрж░ ржЦрзБржм рж╕рзБржирзНржжрж░
ржЦрзБржм рж╕рзБржирзНржжрж░ ржЦрзБржм рж╕рзБржирзНржжрж░ ржЦрзБржм рж╕рзБржирзНржжрж░ ржЦрзБржм рж╕рзБржирзНржжрж░ ржЦрзБржм рж╕рзБржирзНржжрж░ ржЦрзБржм рж╕рзБржирзНржжрж░ ржЦрзБржм рж╕рзБржирзНржжрж░
ржЦрзБржм рж╕рзБржирзНржжрж░ ржЦрзБржм рж╕рзБржирзНржжрж░ ржЦрзБржм рж╕рзБржирзНржжрж░ ржЦрзБржм рж╕рзБржирзНржжрж░ ржЦрзБржм рж╕рзБржирзНржжрж░ ржЦрзБржм рж╕рзБржирзНржжрж░ ржЦрзБржм рж╕рзБржирзНржжрж░
ржЦрзБржм рж╕рзБржирзНржжрж░ ржЦрзБржм рж╕рзБржирзНржжрж░ ржЦрзБржм рж╕рзБржирзНржжрж░ ржЦрзБржм рж╕рзБржирзНржжрж░ ржЦрзБржм рж╕рзБржирзНржжрж░ ржЦрзБржм рж╕рзБржирзНржжрж░ ржЦрзБржм рж╕рзБржирзНржжрж░
ржЦрзБржм рж╕рзБржирзНржжрж░ ржЦрзБржм рж╕рзБржирзНржжрж░ ржЦрзБржм рж╕рзБржирзНржжрж░ ржЦрзБржм рж╕рзБржирзНржжрж░ ржЦрзБржм рж╕рзБржирзНржжрж░ ржЦрзБржм рж╕рзБржирзНржжрж░ ржЦрзБржм рж╕рзБржирзНржжрж░
ЁЯШВЁЯШВЁЯдгЁЯдгЁЯШВЁЯдгЁЯШВЁЯдгЁЯШВ",0
2193,2194,"ржЫрзЗрж░рж╛ ржХрж╛ржерж╛рзЯ рж╢рзБрзЯрзЗ....рж░рж╛ржгрзБрж░ ржПржЗ ржмрзЗржЗржорж╛ржирж┐ ржУ ржмрж░рзНржмрж░рждрж╛ ржПржмржВ ржЖрждрзНржоржЕрж╣ржВржХрж╛рж░рзЗрж░ ржЬржирзНржп ржкрждржи рж╣рждрзЗржЗ
рж╣ржмрзЗ ржПржЯрж╛ржЗ ржирж┐рзЯржоредржЖржорж╛ржжрзЗрж░ BF ржЪрж╛ржирзЗрж▓ржЯрж┐ржХрзЗ ржмрж╛рж╕рзНрждржм ржШржЯржирж╛ рждрзБрж▓рзЗ ржзрж░рж╛рж░ ржЬржирзНржп ржЕрж╕ржВржЦрзНржп ржзржирзНржпржмрж╛ржж ред",0
1021,5805,r u right dada,0
1741,1742,Ka go tumi,0
819,5603,ЁЯШВЁЯШВЁЯШВЁЯШВ,0
799,4626,Valo bolachk but nijar kotha vabe bola uchit,0
449,4276,ржкрж╛ржЧрж▓ ржЫрж╛ржЧрж▓,0
2299,2300,Thick koreche.vikari eee vikaei thake,0
874,875,ржкрж╛ржЧрж▓ ржЫрж╛ржЧрж▓рзЗрж░ ржЧрж╛ржи ржЖрж░ ржХрж┐ ржмрж▓ржмрзЛ,0
92,3919,тЬирж╣рж┐ржирзНржжрзБ ржзрж░рзНржо рж╢рзНрж░рзЗрж╖рзНржа ржзрж░рзНржотЬи,0
340,341,Thik bolechen,0
43,3870,"Jar jeta paowa uchit noy, seta take dite nei",0
842,5626,sas aa tomi ja bola ...soti kub valo bolachoo...,0
3794,3795,vickary ranu,0
282,283,Akdm r8,0
249,5033,nice dada,0
2507,2508,рж░рж╛ржирзБрж░ ржнржирзНржбрж╛тАМржорж┐ ржУ ржирж┐ржЪрзБ ржорж╛ржитАМрж╕рж┐ржХрждрж╛ рждрзБтАМрж▓рзЗ ржзрж░рж╛рж░ ржЬржирзНржп ржзржирзНржпржмрж╛ржж,0
3333,3334,@Pratik Chowdhury ржЖржЫрзЗ ржХрж┐ ржирзЗржЗ рж╕рзЗржЯрж╛ ржХржорзЗржирзНржЯ ржХрж░рж╛ рж░ рж╕ржорзЯ ржЦрж░ржЪ ржжрзЗржЦрзЗ ржмрзБржЭрж▓рж╛ржо ЁЯШЕ,0
585,4412,Kete. Felbo haram khor,0
1396,1397,"Jemon mamata didi temni ranu mandal, didi jemon vul val majhe
majhe bole, temni ranu mandal nijer okat ki bujate parche na, beiman sala",0
3020,3021,Darun diye66oo dada darun jobab neii,0
656,5440,ржЫрж┐ ржХрж┐ ржЦрж╛рж░рж╛ржк ржорж╣рж┐рж▓рж╛ ! ржПржд рж╕рзБржирзНржжрж░ ржПржХржЯрж╛ рж╕ржВрж╕рж╛рж░ ржПржнрж╛ржмрзЗ ржирж╖рзНржЯ ржХрж░рзЗ ржжрж┐рж▓ !,0
795,796,Apner kotha ta valo lagloЁЯЩВ,0
339,4166,"Sottie pathetic...... Janina kobe manush ai ovab, nirjaton, osohayota katiye
uthbe!",0
1040,5824,khub valo hoya6a video ta тЭдтЭдтЭдтЭдтЭдтЭдтЭдтЭдтЭд,0
3155,3156,Haramjada,0
4,3831,ржерж╛ржоржмрзЗрж▓ ржарж┐ржХржХрзЛрж░рзЗ ржмрж╛ржирж╛,0
603,5387,"zabardasttt movie h badi aai review dene wali .  
ЁЯСОЁЯСОЁЯСОЁЯСОЁЯСОЁЯСОЁЯСЕЁЯСЕЁЯСОЁЯСОЁЯСОЁЯСОЁЯСОЁЯСОЁЯСОЁЯСОЁЯСОЁЯСОЁЯСОЁЯСОЁЯСОЁЯСОЁЯСОЁЯСОЁЯСОЁЯСОЁЯСОЁЯСОЁЯСОЁЯСОЁЯСОЁЯСОЁЯСОЁЯСОЁЯСОЁЯСОЁЯСОЁЯСОЁЯСОЁЯСОЁЯСОЁЯСОЁЯСОЁЯСОЁЯСОЁЯСОЁЯСОЁЯСОЁЯСОЁЯСО",0
2259,2260,ржПрж░рж╛ ржЕржнрж┐ржирзЯ ржХрж░ржЫрзЗ рж╢рзБржзрзБред ржирзЛржВрж░рж╛ ржЪрж░рж┐рждрзНрж░ ржЕржирзНржп ржХрж╛рж░рзЛ ржЫрж┐рж▓рзЛ,0
480,4307,рж░рж╛ржЗржЯ,0
236,5020,рж░рж╛ржирзБ ржоржирзНржбрж▓ ржкрж╛ржЧрж▓ЁЯдгЁЯШВЁЯШЖ,0
1374,1375,"Manush upokar Kora jaina
Korle airokome:",0
153,154,Nice dada tumey parba,0
2438,2439,"Plz bhi amra o bhi bon niye bash kori.somaj r nongra korben na.amn video
banaben naЁЯЩП",0
3772,3773,Shotti vai ranu mondal manush noy,0
3580,3581,"@рж╣рж┐ржпрж╝рж╛рж╢рж╛ ржЬрж╛ржорж╛ржи рж╣рзАрж░ mukh samle Kotha bol etar screen shot rakha achhe ekbar bol
sudhu eta humki dili Jodi Kichu hoye giye thake er jonnyo er screenshot rakha
thaklo evidence prane mere dile o thakbe so mind it. ""Dekh ki Kori ?"" maneta
clear kor
YouTube is not your personal property so mind it.",0
841,5625,darun darun,0
3290,3291,Ranu mondal ar gan sunla ga jola jai ranu k sojjoi hoi na sala bayman,0
956,957,Thik bole6o vai,0
1674,1675,@Mahi mallik bhai ami nijei decklamnaa ЁЯдгЁЯдг,0
2072,2073,ржХрж╛ржХрзЗрж░ ржкрж┐ржЫржирзЗ ржорзЯрзВрж░ржкрзБржЪрзНржЫ рж▓рж╛ржЧрж╛рж▓рзЗржЗ ржХрж╛ржХ ржорзЯрзВрж░ рж╣рзЯрзЗ ржпрж╛рзЯ ржирж╛ ржХрж╛ржХ ржХрж╛ржХржЗ ржерж╛ржХрзЗ,0
3116,3117,рж░рж╛ржирзБржХрзЗ ржЬрзБрждрж╛ ржорж╛рж░рзЛ,0
2461,2462,ржоржирзЗрж░ ржХржерж╛ ржмрж▓рж▓рзЗ рж╕ржм ЁЯТЦЁЯТЦ,0
1380,1381,ржЖржорж┐ ржмрж┐рзЯрзЗ ржХрж░ржм ржЕржкрзБржХрзЗ,0
624,5408,manoj.kumar.,0
3132,3133,Beiman,0
1606,1607,"рждрзЛрж░рж╛ ржХрж┐ ржЖрж░ ржХрзЛржирзЛ
ржЦржмрж░ ржЦрзБржЬрзЗ ржкрж╛рж╕ ржирж╛
ржПржХ ржЬрж┐ржирж┐рж╕ ржХрждрзЛржмрж╛рж░
ржжрзНржпрж╛ржЦрж╛ржмрж┐",0
849,850,"@badsha sk ржЖрж░рзЗ ржнрж╛ржЗ ржЖржкржирж┐ ржЬрж╛ржирзЗржи ржирж╛ рждрж╛ржЗ ржмрж▓ржЫрзЗржиред
ржЖржорж╛ржжрзЗрж░ рж╣рж┐ржирзНржжрзБ ржзрж░рзНржорзЗ ржПрж╕ржм ржмрж┐рзЯрзЗ ржХрж░рж╛рж░ ржХрзЛржирзЛ ржирж┐рзЯржо ржирзЗржЗред
ржПржЗ ржЬржирзНржп ржмрж┐рзЯрзЗрж░ ржЖржЧрзЗ ржХржирзЗ ржкржХрзНрж╖ ржУ ржмрж░ ржкржХрзНрж╖ рж╕ржмрж╛рж░ ржирж╛ржо,ржЧрзЛрждрзНрж░,ржЬржирзНржо ржХрзБржирзНржбрж▓рж┐,рждрж┐ржерж┐,ржиржЦржЦрждрзНрж░
рж╕ржм ржжрзЗржЦрзЗ рждржмрзЗ ржмрж┐рзЯрзЗ ржжрзЗржУрзЯрж╛ рж╣рзЯред",0
1379,1380,ржПржЗрж╕ржм ржЬрж╛ржирзЛржпрж╝рж╛рж░ ржжрзЗрж░ рж╕рзНржкржЯрзЗ ржЗржи ржХрж╛ржЙржирзНржЯрж╛рж░ ржХрж░рж╛ ржжрж░ржХрж╛рж░ ?,0
1841,1842,HaЁЯШАhaЁЯШАhaЁЯША,0
694,4521,Baler vedio,0
40,4824,"didi tar o sasti chai  
eta ki holo",0
2298,2299,ржЕржорж╛ржирзБрж╖ржжрзЗрж░ ржлрж╛рж╢рж┐ ржЪрж╛ржЗ,0
676,677,hi ha ha ...akdom thik bolechen vhai....,0
87,88,"ржПржХржЯрж╛ рж░рж┐ржХрзЛрзЯрзЗрж╕рзНржЯ ржХрж░рж┐ ржПржЗ рж╕ржм ржЫрж╛рзЬрж┐ ржЖрж▓рзНрж▓рж╛рж╣рзН ржкржерзЗ ржлрж┐рж░рзЗ ржЖрж╕ ржжрзЗржЦржмрзЗ ржЬрзАржмржирзЗ рж╢рзБржзрзБржЗ рж╢рж╛ржирзНрждрж┐
ржЖрж╕ржмрзЗред",0
1071,5855,sera,0
1756,1757,ржмрж╛ржХрж┐ ржЯрж╛ ржХрзЛржерж╛рзЯ,0
44,3871,рждрзБржЗ рж╕рж╛рж▓рж╛ ржкрж╛ржЧрж▓ ржУржЗ ржЫрж╛ржЧрж▓,0
497,5281,"uchhakankhi manus tokhoni hoy jokhon onner lifestyle er sathe nijer lifestyle
compare kore.eta kora bndho korlei se santi te thakbe.r borolok hobar illegal
upay obolombon korle manuske sobar aage kono boro crime korte hoy r eta tar
jibon nosto howar poth ke aro prososto korbe.manuser jibon ektai tai joto besi
din somvob prithibir rup ros gondho upovog korun je tuku ache setuku niye
santi te theke",0
142,143,"Atindra Da khub valo moner manush seta tar kotha te chalcholone boja Jai...r
ha etao boja Jai apni koto choto moner lok..onner valo dekte paren na..",0
2623,2624,рждрж╛ржЗрж░рзЗ ржнрзБрждрзЗрж░ ржорждрж▓рж╛ржЧрзЗ,0
3768,3769,Aapni jannen je aapni bhikari,0
138,3965,"Amra kintu sobai vogobaner chakor.
Eta ato sentimente neoar ki a6e.
But Ranu ji jeta korchen seta thik noi, onar sei quality nei.",0
3647,3648,"Kintu Ranu Mandal k juto kkhn churlen koel Mallick... thumbnail a jeta lekha
ache...seta to akbaro bollen na oi bpr a...vul Val thumbnail a likhe view
baranor mane ki....apni vul kichui bolenni..kintu apnito thumbnail ei vul Val
likhe rekhechen...ETA ki thik ?",0
640,4467,Uni kuno content pachiilen nh TaiЁЯШВЁЯШВ,0
3260,3261,Amio a6e go,0
633,4460,Bhalo laglo dada...,0
2922,2923,ржжрж╛ржжрж╛ ржЬрж╛ржЧрж╛ржЯрж╛ ржХрзЛржерж╛ржЗ ржПржХржЯрзБ ржмрж▓рзЛ pz,0
911,912,рж╢рж╛ржирзНрждрж┐ржкрзБрж░ ржХржд рж░рзЗржЯ ржЧрзЛ,0
660,5444,lodu sala laddu ЁЯЦХ,0
974,5758,ses kotha gulo khub valo 6lo... sotiii otit k vule jete hoy nw,0
1532,1533,"Apnar heading er sathe baktobyer mil nei keno koyel ki onake juto juto
merechhilo please mittha heading deben na",0
1163,5947,ЁЯШБЁЯШБata last te video banale ata to kat agei bananor katha bossЁЯШБЁЯШБЁЯШНЁЯШНЁЯШНЁЯШН,0
231,5015,"vi ranu mondal k dakio na  
rag hoi",0
204,4031,ржХрж┐ ржжрж┐рзЯрзЗржЫ ржжрж╛ржжрж╛...ЁЯЩПЁЯЩПЁЯЩП,0
1090,1091,рждрзЛржорж╛рж░ ржХрж┐ ржЕрж╛ржкржи ржнрж╛ржЗ,0
1449,1450,Ba ranu di ba!,0
2657,2658,ржЫрзЛржЯ рж▓рзЛржХрзЗрж░ рж╕рзНржмржнрж╛ржм рж╕ржмрж╕ржоржпрж╝ ржЫрзЛржЯрж▓рзЛржХрж┐ ржерж╛ржХрзЗ ржмржбрж╝рж▓рзЛржХ рж╣ржпрж╝ ржХрзЛржиржжрж┐ржиред,0
233,4060,"ржПржХржжржо ржарж┐ржХ ржжрж╛ржжрж╛ржнрж╛ржЗ!
ржЕржирзЗржХ ржЕржирзЗржХ ржзржирзНржпржмрж╛ржж ржжрж╛ржжрж╛ред
ржПржЯрж╛рж░ ржЦрзБржм ржжрж░ржХрж╛рж░ ржЫрж┐рж▓ред",0
1365,1366,"@Pratik Chowdhury ржЖрж░рзЗ ржнрж╛ржЗ ржлрж╛рж▓рждрзБ ржирж╛редржПрж╕ржмрзЗрж░ рж╕рж╛ржерзЗ ржЬрзЬрж┐ржд ржирзЗржЗ ржХрж┐ржнрж╛ржмрзЗ ржмрж▓ржЫрзЗржиредржбрж╛рж░ржЙржЗржи ржЖрж░
рж▓рзНржпрж╛ржорж╛рж░рзНржХрзЗрж░ рждрждрзНрждрзНржм ржкрзЬрзЗржЫрж┐редржбрж╛рж░ржЙржЗржи ржмрж▓рзЗржЫрзЗ ржпрзЗ ржЖржорж░рж╛ ржПржХржЯрж╛ ржХржоржи ржкрзВрж░рзНржмржкрзБрж░рзБрж╖ ржерзЗржХрзЗ ржПрж╕ржЫрж┐редрждрзЛ
ржорж╛ржирзБрж╖рзЗрж░ ржмрж┐рж╕рзНрждрж╛рж░ ржЯрж╛ ржПржмрж╛рж░ ржнрж╛ржмрзБржиредржХ",0
1063,1064,Immediately Oke Ranaghat e bosiye de. Tar aage or theke sob kere ne.,0
952,4779,Vai ei public k bole kichu hbe na. Vikhari k vilkharir jaiga tei rakhte hoi,0
1605,1606,"Pod paka gandu , eto video korar purki kisher.",0
102,4886,@false id tora korsos? vai bon biya?,0
783,5567,dada 2mr o tallent a6e,0
106,3933,ЁЯШЖЁЯШЖЁЯШЖЁЯШЖЁЯШЖЁЯШЖ.. ekdom.. tik.. sala.. amaro.. ti,0
1251,1252,Ba ba bhai,0
1721,1722,"ржПржд рж╕ржорж╛рж▓рзЛржЪржирж╛ ржХрж░рж╛рж░ ржХрж┐ ржЖржЫрзЗред ржУрж░ ржЕрж╕рзБрж╕рзНрже рждрж╛рж░ ржХржерж╛ рж╕ржмрж╛ржЗ ржЬрж╛ржирзЗ ржлрж▓рзЗ ржХржерж╛ржпрж╝ ржЕрж╕ржВржЧрждрж┐ ржерж╛ржХрждрзЗржЗ
ржкрж╛рж░рзЗред ржжрж░рж┐ржжрзНрж░ ржорж╛ржирзБрж╖рзЗрж░ ржЙржирзНржирждрж┐ ржЖржорж░рж╛ ржХрзЗржЙ рж╕рж╣рзНржп ржХрж░рждрзЗржЗ ржкрж╛рж░рж┐ржирж╛ ржПржЯрж╛ржЗ ржЖржорж╛ржжрзЗрж░ ржорж╣рзО ржЧрзБржгред",0
308,5092,tomar ai video tao khub hasir chilo. ai rokomi video korte thako.,0
3766,3767,Meye ta sartha por ni,0
835,836,ржПржЯрж╛ ржХрзЛржи ржЬрж╛ржЧрж╛рзЯ ржкрзНрж▓рж┐ржЬ ржЙржУрж░ ржжрж┐ржмрзЗржи,0
26,3853,Khub sundor hoiche ЁЯСМЁЯСМall the best ЁЯСНЁЯСНЁЯСНЁЯСН,0
378,4205,"Kaka ota hoyto vogobaner dut bolte cheyechilenn eta thik but onno kotha gulo
vhalo bole ni",0
3589,3590,ЁЯШАЁЯШАЁЯШАЁЯШАЁЯША,0
3597,3598,Aderke soja fasi din,0
891,4718,ржкрзГржерж┐ржмрзАрж░ рж╢рзНрж░рзЗрж╖рзНржа ржЧрж╛ржжрзНржжрж╛рж░ ржПржЗ рж░рж╛ржирзБред ржмрж╛ржВржЧрж╛рж▓рзЗрж░ ржкрзЗржЯрзЗ ржШрж┐ рж╕рж╣рзНржп рж╣рзЯржирж┐ред,0
2528,2529,Dhonnobad vaia amra aro kichu v d o dektey chai beiman ranu mondoler,0
1638,1639,ржПржХрзНржХрзЗржмрж╛рж░рзЗ ржарж┐ржХ,0
3158,3159,Tor Face expression janlewa re baiЁЯШНЁЯШН,0
461,5245,r 1month. ei vikarike ranaghat station e dekha jabe,0
1142,1143,ржХрж╛ржХрзЗрж░ ржкрж┐ржЫржирзЗ ржорзЯрзВрж░ржкрзБржЪрзНржЫ рж▓рж╛ржЧрж╛рж▓рзЗржЗ ржХрж╛ржХ ржорзЯрзВрж░ рж╣рзЯрзЗ ржпрж╛рзЯ ржирж╛ ржХрж╛ржХ ржХрж╛ржХржЗ ржерж╛ржХрзЗред,0
1444,1445,Emran Tahir hmmm,0
2003,2004,ржнрж╛ржЗ ржЖржорж░рж╛ ржЗржирзНржбрж┐ржпрж╝рж╛ржи5ржмржЫрзЛрж░рзЗрж░ ржмрж╛ржЪрзНржЪрж╛ ржорзЗрзЯрзЗржжрзЗрж░ рж░рзЗржк ржХрж░рждрзЗ ржкрж╛рж░рж┐ ржирж╛ рждрж╛,0
3093,3094,Thik....Ai video ta fb teo chere6ilo. Akhn uthbe a. Tomader ki gan nai?,0
1459,1460,Posa shala,0
3526,3527,Aaaaaaaa aaaaaaa,0
415,5199,ranur eto ahankar tai ghor chara chilo ghar chara thakbe.,0
671,672,Ami atai sunta chaichelam,0
218,5002,aaa haaa apnar ki kontho,0
2280,2281,Or meyeke pasate tas tas kore maro,0
1557,1558,Eta ki sason nki?,0
3136,3137,ржжрж╛ржжрж╛ ржЖржорж┐ ржнрж╛ржмржЫрж┐ ржЖржкржирж┐ ржПржЗ ржнрж┐ржбрж┐ржУржЯрж╛ ржХржд рж░рж┐ржХрзНрж╕ ржирж┐ржпрж╝рзЗ ржмрж╛ржирж┐ржпрж╝рзЗржЫрзЗржи,0
2546,2547,good dada,0
1530,1531,Ranu k help na Kore amk korle Ami ranu r Moto vul bokbona,0
796,4623,Right dada right,0
1252,1253,"Himesh Reshammiya ekebarey think bolechen oses dhonnobad apnakey Ranu mondoler
okritoggota prokaser jonno bah Ranu mondol bah",0
12,13,Dur sala,0
772,5556,khub valo golpo,0
2598,2599,@Vickey Mulla Diamond Harbour,0
437,5221,pagli ta ki ohonkari hoyeche,0
3697,3698,ekdm thik,0
3467,3468,Tmr sathe kotha bolar khub icha amr...pls kotha bola jabe ki tmr sathe...,0
80,3907,@Rabiul beauty full song Islam Amader Hindu der modhhe asob kau mane nei na,0
1049,5833,amader bandel a o ala mere tarabo,0
1511,1512,Vai videoer title ki dakia ki sob daka66o,0
68,69,"рж╢рж┐ржЦрж╛рж░ ржмрж╛ржмрж╛ ржЖржорж╛рж░ ржмрж╛ржмрж╛рж░ ржоржд рж╕рзО,ржПржЗ ржмрж╛ржмрж╛рж░рж╛ржЗ ржХрж╖ржЯ ржкрж╛рзЯ ржмрзЗрж╢рж┐",0
82,3909,ржжрж╛рж░рзБржг ржЬржмрж╛ржм,0
3294,3295,рж░рж╛ржирзБ ржХрзЗ ржХрзЗрж▓рж┐рзЯрзЗ ржжрзЗ ржжрзЗ,0
508,509,Nice bro...Osthir ЁЯСМЁЯСМ,0
564,565,ржЖрж░ржПржЯрж╛ рж╕рждрзЛ ржЬрзЗржЫрж╛ржЧрж▓ржжрж┐рзЯрзЗрж╣рж╛рж▓ржЪрж╛рж╕ржХрж░рждрзЗржЧрзЗрж▓рзЗржПржоржирж┐ рж╣рзЯ,0
1337,1338,ржнрж╛рж▓рзЛ рж▓рж╛ржЧрж▓рзЛЁЯСНЁЯСНЁЯСНЁЯСНЁЯСНЁЯСН,0
134,4918,sotti chi chi...,0
327,5111,dada tomar ph ta do na ami,0
2082,2083,ржзрзБрж░ рж╣ рж╣рж╛рж░рж╛ржоржЬрж╛ржжрж╛ ржЬрзБрждрж╛ ржорж╛рж░рж▓ ржХрж┐редржЗржпрж╝рж╛рж░ржХрж┐ ржорж╛рж░рзЛ,0
3126,3127,Daaaarun Bhai.,0
1287,1288,Thik bole6o bro,0
1302,1303,"ржнрж╛ржЗ рждрзЛржорж╛ржХрзЗ ржмрж▓ржЫрж┐,, рждрзБржорж┐ рж░рж╛ржирзБ ржжрж┐ржпрж╝рзЗ ржирж┐ржпрж╝рзЗ ржХрзЛржи ржнрж┐ржбрж┐ржУ ржирж╛ ржмрж╛ржирж┐ржпрж╝рзЗ,, ржЕржирзНржп ржХрж┐ржЫрзБ ржнрж┐ржбрж┐ржУ
ржмрж╛ржирж╛ржУ,, ржХрж╛рж░ржг ржПржЗ рж░рж╛ржирзБржжрж┐рж░ ржнрж┐ржбрж┐ржУ рждрзЛ ржжрзВрж░рзЗрж░ ржХржерж╛ ржПрж░ ржХржерж╛ рж╢рзБржирж▓рзЗ ржЖржорж╛рж░ ржорж╛ржерж╛ ржЧрж░ржо рж╣ржпрж╝рзЗредредред
ржЬрж╛ржирж┐ржирж╛ ржпржжрж┐ ржХрзЛржиржжрж┐ржи рж╕рж╛ржоржирзЗ ржкрж╛ржЗредред рж╕рзЗржжрж┐ржи ржоржирзЗ ржпрж╛ рж░рж╛ржЧ ржЖржЫрзЗ рж╕ржм ржорж┐ржЯрж┐ржпрж╝рзЗ ржирзЗржмрзЛ",0
536,4363,Wow ..ekdom sotti.....ЁЯШЛЁЯШЛЁЯШЖЁЯдк,0
2698,2699,Too good vai...,0
285,286,"рж╕рзЗржХрзНрж╕ ржХрзЛржирж╕ржорзНржкрж░ржХрзЛ ржорж╛ржирзЗ ржирж╛ ржЖржорж┐ржЬрж╛ржирж┐ ржПржЯрж╛ ржЙржЪрж┐ржд ржирзЯ ,ржХрж┐ржирзНрждрзБ ржПржЯрж╛ржЗ ржмрж╛рж╕рзНрждржм",0
663,5447,tor mayre chudi hindur baccha.,0
807,808,"ржЖржкржирж┐ рж╢рзЗрж╖рзЗрж░ ржШрж░ ржЯрж╛рждрзЗ ржврзЛржХрж╛рж░ ржкрж░ ржнрж┐ржбрж┐ржУ рж╢рзЗрж╖ ржХрж░рж▓рзЗржи ржХрзЗржирзЛ ржЖржкржирж┐ржУ рждрзЛ рж▓рж╛ржЧрж╛рждрзЗ ржврзБржХрж▓рзЗржи ржмрж╛ржБржбрж╝рж╛
ЁЯдгЁЯдг",0
2656,2657,ржПржЗ рж╕ржм ржжрзЗржЦрж╛ржирзЛ ржмржирзНржз ржХрж░рзБржиредржПрждрзЗ рж╕ржорж╛ржЬрзЗрж░ ржХрзНрж╖рждрж┐ред,0
586,4413,Dada Ranu di mad hoye g6e.,0
3002,3003,"ржПржЗ рж╕ржм ржкрж┐рж╢рж╛ржЪ ржжрзЗрж░ ржкрзНрж░рждрж┐ржжрж┐ржи ржПржХржЯрж╛ ржПржХржЯрж╛ ржХрж░рзЗ ржЕржЩрзНржЧ ржХрзЗржЯрзЗ ржирж┐ржпрж╝рзЗ ржирж┐ржпрж╝рзЗ ржорзГрждрзНржпрзБ ржжрж┐рждрзЗ рж╣ржмрзЗ
рждржмрзЗржЗ ржмрзБржЭржмрзЗ ржпржирзНрждрзНрж░ржгрж╛ ржХрж┐ ред ржлрж╛ржБрж╕рж┐ ржжрж┐рж▓рзЗ рждрзЛ рж╕рж╣ржЬрзЗржЗ ржорж░рзЗ ржпрж╛ржмрзЗ ржпржирзНрждрзНрж░ржгрж╛ ржЕржирзБржнржм ржХрж░ржмрзЗ ржХрж┐
ржХрж░рзЗ ржирж░ржХрзЗрж░ ржПржЗ рж╕ржм ржЬржШржирзНржп ржХрзАржЯ рж░рж╛ред",0
2749,2750,ржлрж╛ржБрж╕рж┐ ржЪрж╛ржЗ,0
3173,3174,Duniate kajer ovab,0
598,4425,ржЕрж╣ржВржХрж╛рж░ржЗ ржорж╛ржирзБрж╖рзЗрж░ ржПржХржжрж┐ржи ржкрждржи ржШржЯрж╛ржЗредЁЯШаЁЯШаЁЯШбЁЯШбЁЯШбЁЯШбЁЯШб,0
3792,3793,"Tomer gar bc
...",0
3394,3395,Ak dom thik bolechen,0
375,5159,"binoe prakito shilpir parichoe hoe. apnar video regular dekhi,anno roaster der
theke anek alada.khub valo laglo",0
372,373,"рж░рж╛ржирзБ ржПржХржЬржи ржЕрж╢рж┐ржЦржЦрж┐ржд ржорж╛ржирзБрж╖ рждрж╛рж░ ржХржерж╛рзЯ ржнрзБрж▓ рж╣рждрзЗржЗ ржкрж╛рж░рзЗред рждрж╛ ржирж┐рзЯрзЗ рждрзБржорж┐ ржмрзНржпрж╛ржмрж╕рж╛ ржХрж░рж╛ ржмржирзНржж
ржХрж░рзЛредрждрж╛рж░ ржЪрзЗрзЯрзЗ рждрзЛржорж╛ржХрзЗ ржлрж╛рж▓рждрзБ ржоржирзЗ рж╣рзЯ",0
3006,3007,Balar ranu,0
1333,1334,Hebi hoyeche .sonice videoЁЯЩВЁЯЩВтШ║тШ║тШ║,0
88,89,Last ar barite chudte dhukli kno be lewra,0
1097,5881,valo,0
2905,2906,ржПрж░рж╛ ржЪрж╛ржЗрж▓рзЗржЗ рждрзЛ ржХрж╛ржЬ ржХрж░рзЗ ржЦрзЗрждрзЗ ржкрж╛рж░рзЗред,0
26,27,Bhogoban ar chakor sobai,0
493,494,Jio vai lajabab ЁЯШЗЁЯШЗЁЯШЗ akdom right,0
2899,2900,ржПржЯрж╛ ржХрзЛржи ржЬрж╛ржЗржЧрж╛ржЗ ржмрж▓ржмрзЗ ржнрж╛ржЗ ржкрзНрж▓рж┐ржЬ plz,0
223,224,Akdom ЁЯШВЁЯШВЁЯШВ,0
522,523,He he sera diyecho bro,0
36,3863,vicket mulla o pelam na,0
516,4343,ржПржХржжржо ржарж┐ржХ ржХржерж╛ ржжрж╛ржжрж╛,0
1920,1921,Sali ke juto mere bidai koro,0
1773,1774,Baler...singer....,0
601,4428,"AI ja bolla sobai manus Sona valo laglo sobai k Soman chokha dakha uchit.
Thanks Dada kafar na bolar jonno donnobad",0
1597,1598,EKDAM THIK. RANU HARAMI.,0
285,4112,Sotty a ra kastomar dr sata kharap bhabar kora,0
852,5636,darun bhaiЁЯдУЁЯдУЁЯдУ,0
2188,2189,"ржкрзНрж░ржержорзЗ рж╕рзЗ рж╣рж┐ржирзНржжрзБ ржзрж░рзНржоржХрзЗ ржЕржкржорж╛ржи ржХрж░рзЗржЫрзЗ ржорзБрж╕рж▓рж┐ржо ржЫрзЗрж▓рзЗржХрзЗ ржмрж┐рзЯрзЗ ржХрж░рзЗ,,ржирж╛ржорж╛ржЬ ржкрзЬрзЗржЫрзЗ, рж░рзЛржЬрж╛
рж░рзЗржЦрзЗржЫрзЗ,,рж╕рзЗ ржорзБрж╕рж▓рж┐ржо рж╕рзЗржЬрзЗржЫрзЗ,, ржПржЦржи рж╕рзЗ ржЖржмрж╛рж░ рж╣рж┐ржирзНржжрзБ рж╣рзЯрзЗ ржЧрзЗржЫрзЗ,,ржП ржХрзЗржоржи ржХржерж╛ ржХрж╛рж▓рж┐ржорж╛ ржкрзЬрзЗ
ржорзБрж╕рж▓рж┐ржо рж╣рж▓, ржПржЦржи ржЖржмрж╛рж░ ржкрзБржЬрзЛ ржХрж░ржмрзЗ рж╣рж┐ржирзНржжрзБрж░рж╛ рждрж╛ржХрзЗ ржХрж┐ржнрж╛ржмрзЗ ржЧрзНрж░рж╣ржи ржХрж░ржмрзЗ?ржжрзБ ржзрж░рзНржоржХрзЗ ржЕржкрзБ
рж╣рзЗржирж╕рзНрждрж╛ ржХрж░ржЫрзЗред",0
878,4705,ржарж┐ржХ ржмрж▓рзЗржЫрзЗржи ржжрж╛ржжрж╛,0
216,217,Pagli ache tai vul vhal montobbo korche ЁЯдгЁЯдгЁЯдгЁЯдгЁЯдгЁЯдгЁЯдг,0
800,801,ржкрзБржЯржХрж┐рж░ ржоржирзНржбрж▓,0
901,5685,khub bhalo laglo,0
1017,1018,Wah bhi wha,0
842,843,Yes darun,0
3451,3452,Sera,0
2314,2315,Full address dile valo hoy,0
2015,2016,Sotti akdom ki chutia mohila,0
7,3834,Ranu pagli,0
1288,1289,Besir vag sob molla. Eder Guli kore encounter kora uchit,0
695,696,"ржХрзЗржЙ рж╣рж╛ржмрзЬрж╛ ржерзЗржХрзЗ рж╢рж┐рзЯрж╛рж▓ржжрж╛ ржЧрзЗрж▓рзЗ рждрж╛ржХрзЗ ржЖржмрж╛рж░ рж╣рж╛ржмрж░рж╛ ржЖрж╕рж╛рж░ ржЬржирзНржп рждрж╛рж░ рж╕рж╛рждрж┐ржЧржг рж░рж┐ржХрзЛрж╕рзНржЯ ржХрж░рзЗ
ржХрж┐ржирзНрждрзБ ржПржЯрж╛ ржЬрзЗржирзЗржирж┐ ржи ржпржжрж┐ рж╢рж┐рзЯрж╛рж▓ржжрж╛рж╣рж░ рж╕рждрж┐ржЧржг ржпржжрж┐ ржирж╛ ржЫрж╛рж░ ржП ржжрзЗржЗ рждрж╛рж╣рж▓рзЗ ржХрж┐ржирзНрждрзБ рж╕рзЗ ржХржХржиржЗ
рж╣рж╛ржмрзНржмрзЬрж╛ ржЖрж╕рждрзЗ ржкрж╛рж░ржмрзЗржирж╛



ржирж▓рзЗржЬ ржерж╛ржХрж▓рзЗ ржмрзБржЬрзЗ ржирж┐ржи рж╕ржХрж▓рзЗ",0
1043,5827,last line ta тЭдтЭдтЭдтЭд,0
712,4539,"ржпрзЗ ржпрж╛ржЗ ржмрж▓рзБржХ, ржмржбрж╝ ржмржВрж╢рзЗрж░ ржорж╛ржирзБрж╖ ржирж╛ рж╣рж▓рзЗ
ржмржбрж╝ ржоржирзЗрж░ ржорж╛ржирзБрж╖ рж╣ ржУ ржпрж╝рж╛ ржЦрзБржм ржорзБрж╢ржХрж┐рж▓ред рж╢рзБрж░рзБржЯрж╛ ржпржжрж┐ ржорж╛рждрзНрж░рж╛ рж╣рзАржи рж╣ржпрж╝ рждржмрзЗ ржорж╛ржЭрзЗ ржЖрж░ рж╢рзЗрж╖рзЗ
ржХрж┐ ржХрж░рзЗ ржорж╛рждрзНрж░рж╛ ржерж╛ржХрзЗ ржмрж▓рзБржи??? рж╕рзЗ ржХржерж╛рж░ ржорж╛рждрзНрж░рж╛ рж╣рзЛржХ ржмрж╛ ржЬрзАржмржирзЗрж░ред",0
1548,1549,Bahh dada bhai ki dila go.... Puro fatiya diya6o,0
1041,5825,"superrrbb hoye6e video ta... asole na chaitei onek ki6u peye gele arokom e
hoy.. ranu dir mone akhon khub ahonkar ase ge6e..",0
840,4667,Marr vikharike juto,0
788,5572,ржЕржирзЗржХ ржнрж╛рж▓рзЛ рж▓рзЗржЧрзЗржЫрзЗ,0
2550,2551,RanuЁЯСОЁЯСОЁЯСОЁЯСОЁЯСО,0
1529,1530,Top ржнрзАржХрж╛рж░рзА r m,0
263,4090,"Vai, tumi hero!! Ja bole6o.. Sotti bole6o...R tumi heart touch korar moto
kotha bole6o",0
3531,3532,Dada parina vulte ranur oi kukur ovves,0
3033,3034,ржирж╛ ржнрж╛ржЗ ржнрж╛ржЗрж░рж╛рж▓ ржХрж░рж╛ ржжрж░ржХрж╛рж░ ржирж╛ржЗ,0
79,3906,"ржЕржкрзБ ржмрж┐рж╢рзНржмрж╛рж╕ ржЖрж╕рж╛ржо рж▓рж╛ржЗржн рж╢рзЛ ржжрзЗржЦрждрзЗ рж▓рж┐ржВржХ ржХрзНрж▓рж┐ржХ ржХрж░рзБржи ред
<https://youtu.be/faQcJ_WwFbM>",0
105,106,ржЖржорж┐ ржЬрж╛ржирж┐ ржпрзЗ ржжрж╛ржХрзНрждрж░рж┐ ржорждрзЗ ржзрзБржоржкрж╛ржи рж╕рзНржмрж╛рж╕рзНрждрзЗрж░ ржкржХрзНрж╖рзЗ ржХрзНрж╖рждрж┐ ржХрж░ рждржмрзБ ржЖржорж░рж╛ ржкрж╛ржиржХрж░рж┐,0
2227,2228,@Tota Chowdhury . Durbar,0
1425,1426,"ржЯрж╛ржХрж╛ ржкрзЗрж▓рзЗ ржорж╛ржирзБрж╖ ржХрждржЯрж╛ ржмржжрж▓рзЗ ржпрзЗрждрзЗ ржкрж╛рж░рзЗ рж░рж╛ржирж╛ ржоржирзНржбрж▓ ржмрж▓рзЗржЪрзЗ рждрж╛рж░ ржЬрзБрждрж╛ ржжрж┐ржпрж╝рж╛ ржкрж┐ржЯрж╛ржирзЛ
ржжрж░ржХрж╛рж░",0
2031,2032,"Baaler ranu eida, amar pesaber juggou na.",0
3130,3131,рж╕рж╛рж▓рж┐ ржмрж┐ржХрж╛рж░рж┐ржирж┐,0
1067,5851,dada kub valo hoya6a ar next part chai ЁЯШКЁЯШК,0
942,4769,"ржорж╛ржирзБрж╖ ржзржирзА рж╣рждрзЗ ржкрж╛рж░рзЗ ржХрж┐ржирзНрждрзБ ржмржирзЗржжрж┐ рж╣рждрзЗ ржкрж╛рж░рзЗ ржирж╛ редржзржирзА, ржЯрж╛ржХрж╛ ржЦрзНржпрж╛рждрж┐ ржжрж┐рзЯрзЗ рж╣ржУрзЯрж╛ ржпрж╛рзЯ
ржмржирзЗржжрж┐рзЯрж╛ржирж╛ ржЬржирзНржоржЧржд ржЧрзБржиредрждрж╛ржЗ рж░рж╛ржирзБ ржоржирзНржбрж▓ ржХрзЗ seriously ржирзЗржУрзЯрж╛рж░ ржХрзЛржирзЛ ржжрж░ржХрж╛рж░ ржирзЗржЗред",0
2243,2244,ржЖржорж┐ ржнрж╛ржмржЬрж┐ ? рж░рж╛ржирзБ ржоржиржбрж▓рзЗрж░ ржирж╛ржорзЗ ржХрзБржХрзБрж░ ржкрзБрж╖ржмрзЛ ржЖрж╕рж▓рзЗ ржХрзБржХрзБрж░ ржмрж▓рзЗржУ ржХржо ржмрж▓рж╛ рж╣ржмрзЗЁЯШВЁЯШВЁЯШИЁЯШГЁЯШБ,0
155,4939,ranu akta patni,0
442,4269,"Prthom ta vul na hoy onek a vogoban kachay chai tahola ki holo Tara kau ki
bola vogoban Tomi valo Thako ai bala nai kintu onno kothay gula Vul bolchay",0
747,4574,Kutha runu mane ranu mondol kukurar mottho,0
94,4878,sob kicu hoy dress . dirty dress,0
3592,3593,Ota muslim der hoy hinduder noy,0
2734,2735,Masir chele ste Chi........,0
3452,3453,Tumi khub sundor dada ЁЯШШЁЯШШ,0
786,4613,ржЦрзБржм рж╕рзБржирзНржжрж░ ржмрж▓ржЫрзЛ ржЖржорж╛рж░ ржоржирзЗрж░ ржХржерж╛ ржЧрзБрж▓рзЛ ржзржирзНржпржмрж╛ржж ржмржирзНржзрзБ ржЪржорзОржХрж╛рж░ ржкрзЛрж╖рзНржЯ ржжрзЗржУрзЯрж╛рж░ ржЬржирзНржп,0
488,4315,Balar gan sunta amar valo laga na,0
631,5415,any body salman ki bikabo chachas,0
2040,2041,Tai,0
348,5132,habby bolecho bhai....tomar katha gulo khub valo laglo,0
941,4768,ржХрзБржХрзБрж░рзЗрж░ ржмрж╛ржЪрзНржЪрж╛ рж╢рж╛рж▓рж╛рж░рж╛,0
2994,2995,Sourav Porey samle kno,0
229,4056,Khub valo bole6o dada,0
1045,1046,Mastutu bhai bone to biye hoy,0
164,165,Baler video,0
2119,2120,Right Dada,0
1623,1624,"Dada apni vhul bolchan keno bolunto oki jane o pagal konta vhul konta kharap
ekta kotha bolbo apni kintu ranumondoler video ta niye you tube vikke karchen
jar eto apni kharap bolchilan tor phone pe namber ta dibi 10 taka dibo niye
lish tor name vikarir kac thake vhika chaiche vikerer namnie",0
3115,3116,рж╢рж┐ржпрж╝рж╛рж▓ржжрж╣ ржерзЗржХрзЗ ржпрж╛ржмрж╛рж░ ржарж┐ржХрж╛ржирж╛ ржЯрж╛ ржмрж▓ржмрзЗ,0
1018,1019,ржХрзЛржи ржЬрж╛ржЧрж╛рзЯ ржПржЯрж╛,0
2501,2502,Ai nodi besi Bhogoban Bhogoban kore,0
460,4287,"ржжрж╛ржжрж╛ ржПрж░ржХржо ржЪрж▓ржЫрзЗред ржЖрж░ ржХрж┐ ржХрж░рж╛ ржпрж╛ржмрзЗ ржЖржорж┐ ржиржЪрж┐ржХрзЗрждрж╛ ржжрж╛рж░ ржЧрж╛ржи рж╢рзБржирж┐ ржЖрж░ ржирж┐ржЬрзЗрж░ ржХрж╛ржЬ ржХрж░рж┐ред
Bharat mata ki joy",0
3332,3333,ржХрж╛рж░рзЗржЯ,0
812,5596,khub valo lagche vai. last line gula khub e valo bolecho,0
571,4398,raghit dada,0
885,5669,nice video bro onek chaton diyecho dada ar noi na hola abar oo kede felbe,0
3424,3425,theek,0
363,5147,tmi kothy thako dada???,0
1986,1987,"Howrah theke apni sealdah asben okhn theke south er diker station gulo te
asben...10-14 holo south er station gulo okhn theke namkhana r laxmikantapur
local chare j kono akta te uthe jaben..baruipur er por er station sason
station...",0
1378,1379,"Ranu di apni nije ke ki mone koren? Himesh er ek albulm a a aaaa korei ato
ahonkar?Apnar moto koti koti gayika rashtai ghure barachche.Lata Mangeskar
mahan gayika.Lata ji er gaan gailei Lata ji howa jai na.Apni ato borai korben
na apni ranaghat er plartform ai gaan korun otai apnar sathik jaiga.Akritaggo
mohila",0
400,5184,"er ei vab besi din thakbe nah. joto taratari viral hoicilo toto taratari e abr
vanish hoye jbe. faltu capabaj mohila kothakar",0
319,5103,josss,0
632,4459,рж░рж╛ржирзБ ржХрзЗ ржпрзЗржерж╛рзЯ ржкрж╛ржУ ржЬрзБрждрж╛ ржорж╛рж░рзЛ,0
1412,1413,"рж░рж╛ржирзБ ржоржирзНржбрж▓ ржП ржЧрж╛ржи ржнрж╛рж▓рзЛ рж▓рж╛ржЧрзЗржирж╛ рж╢рзБржзрзБ рждрзЗрж░рж┐ рждрзЗрж░рж┐ ржорзЗрж░рж┐ рждрзЗрж░рж┐ ржорзЗрж░рж┐ ржПржЯрж╛ ржХрзЛржи ржЧрж╛ржи рж╣рж▓ ржПржЯрж╛
ржПржХржЯрж╛ ржкрж╛ржЧрж▓ ржУ ржХрж░рждрзЗ ржкрж╛рж░ржмрзЗ ржПржЗ ржЧрж╛ржиржЯрж╛",0
1541,1542,jo╤Х╤Х g╧Еr╧Е,0
3824,3825,Ghinna mondol,0
1686,1687,Dada darun topic,0
126,4910,joti roy ржарж┐ржХ ржХржерж╛,0
1081,1082,Ai rokom lok k r amader lagbe na,0
976,5760,super dada,0
422,423,Tumithickbolacho,0
2405,2406,Jaa bolco vai ЁЯШВЁЯШВЁЯШВЁЯШВЁЯШВ,0
1082,1083,ржХрзЛржпрж╝рж╛рж▓рж┐ржЯрж┐ ржнрж╛рж▓рзЛ ржирж╛,0
3168,3169,"ржарж┐ржХ ржмрж▓рзЗржЫрзЗржи ржжрж╛ржжред ржЕрж╛ржорж╛рж░ ржоржирзЗ рж╣рзЯ ржЙржирж╛рж░ ржорж╛ржерж╛рзЯ рж╕ржорж╕рзНржпрж╛ ржЖржЫрзЗ,,,",0
669,670,Sera vai just jhakkas,0
2100,2101,Ekdom tik bole6o.. Tumi sob kota,0
2988,2989,"Onk sundhor sundhor singer pore ache kintu tader bhaggo khub kharap....
Amr Mao khub vlo gan Kore onk cesta korche kintu vaggo khub kharap",0
1078,1079,ржкрж╛рзЯрж░ ржЬрзБрждрзЛ ржорж╛ржерж╛ржЗ рждрзБрж▓рждрзЗ ржирж╛ ржЬрзЗржоржи рж░рж╛ржирзБ ржнрж┐ржХрж┐рж░ржЗ,0
3354,3355,Pagol choda a sob video koris keno.peter kosto te Ora Aram kor che.,0
775,776,Fasi deoya dorkar na hole aro din din kharap er dike duniya ta jab a,0
1115,5899,maratok.....dadaЁЯШВЁЯШВ,0
401,402,Ranu Mondal ЁЯдзЁЯдзЁЯдзЁЯдзЁЯдз,0
3113,3114,Ata Kothai dada??,0
338,339,Thanks dada ei video karar janay,0
159,160,Ekdom Thik ...,0
1344,1345,@Riya Ghosh рждрзЛржорж╛рж░ ржмрж╛рзЬрж┐ ржХрзЛржерж╛рзЯ?,0
412,4239,Nice vai,0
322,323,"Pagol Chara keu saport Kore na
Ranu Bhikari ke",0
870,871,Ranu mandol ka toder sojjo hayne,0
577,4404,Tui cher,0
2309,2310,ranu mondol akta selfish,0
2783,2784,Bah re buddhimaan,0
984,985,ЁЯШбЁЯШбЁЯШбЁЯШбЁЯШбЁЯШбЁЯШбЁЯШбЁЯШбЁЯШб,0
2644,2645,Tomer songa akmot,0
2229,2230,Prem noy onno karon chelo.....,0
1077,1078,"Malabika Das kinto sobar problem hoi na sometimes problem hoi baby der not
every time",0
995,996,рж░рж╛ржирзБ ржХрзЗ ржЖржмрж╛рж░ ржнрж┐ржЦрж╛рж░рж┐ржжрзЗрж░ ржХрж╛ржЫрзЗ ржжрж┐рзЯрзЗ ржЖрж╕рзБржи,0
1030,5814,ekdom thik bole6o....girgitti ranu,0
736,737,"ржЙржЪрж┐рзО ржЬржмрж╛ржм ржжрзЗржмрж╛рж░ ржЬржирзНржп ржзржирзНржпржмрж╛ржж
ржмрж╛ржВрж▓рж╛ржжрзЗрж╢",0
2901,2902,Ak dam thik katha,0
2086,2087,Mrinmoy tor comedy matter in fact,0
361,5145,ranu mandal ЁЯС╣ЁЯС╣ЁЯС╣ЁЯС╣ЁЯС╣ voice ЁЯО╢ЁЯО╢ЁЯО╢ЁЯО╢ЁЯО╢ЁЯО╢ЁЯО╢ЁЯО╢,0
148,149,Kotha ta kintu right bolacho,0
1875,1876,Tui hole stationer vikare. sala pagol,0
787,4614,Erokom pagol chagol ke jotno kore kono lav nei,0
262,263,"рж░рж╛ржирзБрж░ рждрзЛ рж▓рзЗржЦрж╛ ржкрзЬрж╛ ржирж╛ржЗред ржПржЬржирзНржпржЗ рждрж╛рж░ ржХржерж╛ ржЧрзБрж▓рзЛ ржЧрзБржЫрж┐рзЯрзЗ ржмрж▓рждрзЗ ржкрж╛рж░рзЗржи ржирж╛редржПржЗ ржЬржирзНржпрзЗ ржорж╛ржирзБрж╖
рждрж╛ржБрж░ ржХржерж╛рзЯ ржЕржирзЗржХ ржХрж╖рзНржЯ ржкрж╛рзЯред",0
1398,1399,ЁЯШВЁЯШВЁЯШВЁЯСПЁЯСПЁЯСП,0
179,4963,ekdom thik bolechi your also right,0
3715,3716,ржХрж┐ dhemna рждрзБржЗ ЁЯШВЁЯШВ,0
1844,1845,"ржмрзНржпржХрзНрждрж┐ржЧржд ржнрж╛ржмрзЗ ржЕржирзЗржХрзЗрж░ ржЗ ржкржЫржирзНржж ржЕржкржЫржирзНржж ржерж╛ржХрждрзЗ ржкрж╛рж░рзЗ рждрж╛ржЗ ржмрж▓рзЗ ржирж┐ржЬрзЗрж░ ржорждрж╛ржоржд ржЕржирзНржпрзЗрж░ ржЙржкрж░
ржЪрж╛ржкрж┐ржпрж╝рзЗ ржжрзЗржУржпрж╝рж╛ ржЯрж╛ ржПржХржЯрж╛ ржЕржкрж░рж╛ржзред ржХрзЛржпрж╝рзЗрж▓ ржорж▓рзНрж▓рж┐ржХ ржХрзЗ ржХржЦржирзЛржЗ ржЖржорж╛рж░ ржкржЫржирзНржж ржирж╛, рждрж╛ржЗ ржмрж▓рзЗ
ржЖржорж╛рж░ ржирж╛ ржкрж╕ржирзНржж ржЖржорж┐ ржЕржирзНржпрзЗрж░ ржЙржкрж░ ржЪрж╛ржкрж╛рждрзЗ ржкрж╛рж░рж┐ржирж╛, ржЖржорж┐ ржХржЦржирзЛ ржЗ ржмрж▓рждрзЗ ржкрж╛рж░рж┐ ржирж╛ рждрзЛржорж╛рж░ржУ
ржХрзЛржпрж╝рзЗрж▓ ржорж▓рзНрж▓рж┐ржХ ржХрзЗ ржЕржкржЫржирзНржж ржХрж░рзЛред ржпрж╛рж░рж╛ рж░рж╛ржирзБ ржоржирзНржбрж▓ ржХрзЗ ржкржЫржирзНржж ржХрж░рзЗ ржХрж░ржмрзЗ, ржпрж╛рж░рж╛ ржирж╛ ржХрж░рзЗ ржирж╛
ржХрж░ржмрзЗ, ржЖржкржирж╛рж░ ржЖрж░ рждрж╛рж░ ржЬржирзНржпрзЗ ржЧрзАржд ржЧрж╛ржУржпрж╝рж╛рж░ ржкрзНрж░ржпрж╝рзЛржЬржи ржирзЗржЗред ржЖржкржирж┐ ржпржжрж┐ ржнрж┐ржбрж┐ржУ ржмрж╛ржирж╛ржирзЛрж░ ржЬржирзНржп
ржЯрж╛ржХрж╛ ржЦрзЗржпрж╝рзЗ ржирж╛ ржерж╛ржХрзЗржи рждржмрзЗ ржЕржмрж╢рзНржпржЗ ржнрж┐ржбрж┐ржУ ржЯрж╛ рждрзБрж▓рзЗ ржирзЗржмрзЗржи, ржЖрж░ ржпржжрж┐ ржЯрж╛ржХрж╛ ржЦрзЗржпрж╝рзЗ ржерж╛ржХрзЗржи
рждржмрзЗ рждрзЛ ржЖржкржирж╛рж░ ржнрж┐ржбрж┐ржУ рждрзБрж▓рзЗ ржирзЗржмрж╛рж░ ржХрзЛржи ржЕржзрж┐ржХрж╛рж░ ржЖрж░ рж░ржЗрж▓рзЛ ржирж╛ред
ржжрзЗржЦрзБржи ржЯрж╛ржХрж╛ ржЯрж╛ ржлрзЗрж░ржд ржжрж┐ржпрж╝рзЗ ржпржжрж┐ ржнрж┐ржбрж┐ржУ ржЯрж╛ рждрзБрж▓рзЗ ржирж┐рждрзЗ ржкрж╛рж░рзЗржиред
ржЖржорж┐ ржкрзНрж░рж╛рж░рзНржержирж╛ ржХрж░ржЫрж┐ ржнржЧржмрж╛ржи ржЖржкржирж╛ржХрзЗ рж╕ржд ржкржерзЗ рж░рзЛржЬржЧрж╛рж░ ржХрж░рж╛рж░ рж╢ржХрзНрждрж┐ ржжрж┐ржХред",0
1450,1451,рждрзЛрж░ ржмрж╛ржВрж▓рж╛ржжрзЗрж╢рзЗрж░ ржерж╛ржирж╛ржЗ ржерж╛ржирж╛ржЗ ржЪрж▓рзЗ ржЖржмрж╛рж╕рж┐ржХрзЗ ржШрж░рзЗ ржШрж░рзЗ,0
2632,2633,рж░рж╛рждрж╛рж░рж╛рждрж┐ ржЖржЩрзНржЧрзБрж▓ ржлрзБрж▓рзЗ ржХрж▓рж╛ржЧрж╛ржЫ рж╣рзЯрзЗржЫрзЗрждрзЛ рждрж╛ржЗ ржП ржЕржмрж╕рзНржерж╛редредредредред,0
1801,1802,тЩктЩктЩктЩктЩк,0
3502,3503,Sali harami,0
464,5248,"one thing is clear that tictocker ra tomader theke smart because ora tomader
age ranu k roast korlo tokon tomra kichu bole chle tomar ager video ta tai
bolche.....bro",0
393,394,ржЖржорж╛ржХрзЗ ржПржХржЯрж╛ ржкрж╛рждрзНрж░рзА ржЪрж╛ржЗ 9564186788,0
16,4800,a rokom boro boon na thakle o chole,0
96,4880,joy mokter ewgdajohfdrym cz,0
1726,1727,Baler gan,0
689,4516,"Are boka choda EI sob Bal chal na Kore onno kichu Kore nijer Peter vat joga
banchod",0
291,292,Vai supar ЁЯШШЁЯШШЁЯШШЁЯШШ,0
287,4114,ЁЯШВЁЯШВЁЯШВЁЯШВЁЯШВЁЯШВЁЯШВakdom thik,0
844,845,рждрзБржорж┐ ржпрж╛ржмрзЗ ржирж╛ржХрж┐,0
2836,2837,ЁЯШВЁЯШВЁЯШВЁЯШВЁЯШВЁЯШВЁЯШВЁЯШВЁЯСНЁЯСНЁЯСНЁЯСНЁЯСНЁЯСН,0
402,4229,Ranu mondeler mukh dakhe handle marte echa korche,0
398,4225,Tik bolachen apni okay aber fikare bania den,0
2019,2020,Mrinmoy super ЁЯСПЁЯСПЁЯСПЁЯСП,0
563,4390,Hebby...akdom thik...,0
3160,3161,Ranudi jemon beyman temon tar meye sarthopor,0
3655,3656,"ржПржЗ ржорж╣рж┐рж▓рж╛ ржмрзЗрж╢рзАржжрзВрж░ ржПржЧрж┐рзЯрзЗ ржпрзЗрждрзЗ ржкрж╛рж░ржмрзЗ ржирж╛, рж▓рждрж╛ржЬрзНржмрзА ржирж┐ржЬрзЗ ржмрж▓рзЗржЫрзЗржи ржХржкрж┐ ржХрж░рзЗ ржмрзЗрж╢рзАржжрзВрж░
ржпрж╛ржУрзЯрж╛ рж╕ржорзНржнржм ржирж╛, ржирж┐ржЬрзЗрж░ ржкрзНрж░рждрж┐ржнрж╛ ржжрзЗржЦрж╛рждрзЗ рж╣ржмрзЗ",0
3291,3292,ржкрж╛рзЯрзЗрж░ ржЬрзБрждрж╛ ржкрж╛рзЯрзЗржЗ ржорж╛ржирж╛рзЯ ржорж╛ржерж╛ржЗ ржирзЯ,0
623,4450,"Akdom thik bolacho go tumi
Selibreti hole ja hoi manush ar
Tar joljanto samples holo ranu mandal",0
237,4064,ржЦрзБржм ржЦрзБржм ржЦрзБржм ржЦ..........ржм ржнрж╛рж▓рзЛ ржмрж▓рзЗржЫ ржкрзБрж░рзЛ ржЖржорж╛рж░ ржоржирзЗрж░ ржХржерж╛ thank you,0
1904,1905,Eigulo Hindi te banano uchit tahole sottita motamuti sobai bujte parto.,0
369,370,Haa haa,0
222,5006,oo ki dile dada ЁЯШВ ЁЯФе ЁЯШй,0
3197,3198,ржнрж╛ржЗ ржирж┐ржЬрзЗ ржХрж┐ржЫрзБ ржХрж░рзЗ ржжрзЗржЦрж╛ржУ ред,0
143,3970,"ржЖржорж╛рж░ ржЧрзНрж░рж╛ржо ржерзЗржХрзЗ ржПржХржЯрзБ ржкрж╛рж╢рзЗрж░ ржЧрзНрж░рж╛ржорзЗ ржПржЗ ржШржЯржирж╛ржЯрж┐ ржШржЯрзЗржЫрж┐рж▓ рждржмрзЗ ржПржЦржирзЛ ржУржЗ ржЬрж╛ржпрж╝ржЧрж╛ржпрж╝ ржкрзНрж░ржЪрзБрж░
ржкрж░рж┐ржорж╛ржгрзЗ ржЧрж╛ржЗржЯ ржЖржЫрзЗ ржЖрж╢рж╛ ржХрж░рж┐ ржЖрж░ ржХрзЛржирзЛржжрж┐ржи ржПржЗрж╕ржм ржЦрж╛рж░рж╛ржк ржХрж╛ржЬ рж╣ржмрзЗ ржирж╛",0
490,4317,ржжрж╛рж░рзБржи ржжрж┐рзЯрзЗржЫрзЛ,0
533,5317,deewani makadi,0
2025,2026,"Ki rokom cheat korlo vai,ektu khule bolo tahole jodi jai ti age theke sotorko
hoye jabo",0
596,4423,Title anujai video kora ta vlo,0
0,4784,ржЫрж┐ржЫ,0
945,5729,khub valo,0
1662,1663,ржлржХрж┐рж░ ржпржжрж┐ ржмрзЬрж▓рзЛржХ рж╣рзЯ ржмрж╛ржкрзЗрж░рзЗ ржмрж▓рзЗ рж╢рж╛рж▓рж╛ред,0
201,202,ржкрзЛрж░рзЛ ржарж┐ржХрж╛ржирж╛ ржЯрж╛ ржарж┐ржХ ржХрзЛржерж╛рзЯ ??,0
1292,1293,Tait,0
729,4556,Thik ble6o dada thik,0
904,4731,Ajkal sohore ki sob hocchea bhai Bon o Prem valobasa asob korchea ha,0
661,4488,ржПржХрзЗ ржХрзЗржи ржлрзЗржорж╛ржЪ ржХрж░ржЫрзЗржи ржорж╛ ржЖрж░ ржорзЗрзЯрзЗ ржжрзБржЬржирзЗрж░ ржПрждрзЛ ржЕрж╣ржВржХрж╛рж░,0
2693,2694,6294501720 ржЖржорж╛рж░ ржиржорзНржмрж░,0
289,5073,ekdom kharap lageni babu tmi ekdom thik bolecho ja bolecho,0
103,104,ржПрж░ ржорзБржЦрзЗ рж▓рж╛ржерж┐ ржорж╛рж░рж╛ ржЙржЪрж┐ржд... ржкрж╛ржЧрж▓рзА ржХрзЛржерж╛ржХрж╛рж░,0
1121,5905,ржжрж╛ржжрж╛ ржЖржорж┐ рждрзЛржорж╛рж░ рж╢рзЗрж╖рзЗрж░ ржХржерж╛ ржЧрзБрж▓рзЛ ржЦрзБржм ржнрж╛рж▓рзЛ рж▓рж╛ржЧрж▓рзЛ ред you continue.,0
44,4828,mallur basha,0
1058,1059,"рж╣рж┐ржирзНржжрзБ ржпрждрзЛ ржжрж┐ржи ржЦрж╛рж▓рж┐ ржирж┐ржЬрзЗрж░ рж╕рж╛рж░ржерзЗрж░ ржХржерж╛ ржнрж╛ржмржмрзЗ рждрждрзЛржжрж┐ржи рж╣рж┐ржирзНржжрзБ ржжрзЗрж░ ржУржкрж░ ржЕрждрж╛ржЪрж╛рж░
рж╣ржмрзЗредрж╕рж╛рж▓рж╛ ржПржХржЯрж┐ ржЖрждржХржмрж╛ржжрзА ржзрж░рзНржоред",0
1974,1975,ржПржЗржЯрж╛ ржЕржирзЗржХржжрж┐ржи ржЖржЧрзЗрж░ ржШржЯржирж╛,0
2485,2486,"surar baccha tor gara ukun dorbe bancod vhikare codar bal tor poda gondo
bancod",0
62,3889,Police files ржП ржжрзЗржЦрж╛ржирзЛ рж╣рзЯрзЗржЫрж┐рж▓рзЛ,0
135,4919,"ржПржХржЯрж╛ ржорзЗрзЯрзЗ ржмржирзНржзрзБ ржжрж░ржХрж╛рж░, ржХрзЗржЙ рж╣ржмрзЗ рж╣рждрзЗ ржЪрж╛ржЗрж▓рзЗ ржХржорзЗржирзНржЯрзЗ ржиржорзНржмрж░ ржжрж╛ржУ",0
1436,1437,Thik bole6o dada,0
832,4659,"Pagole kina bole
chagole kina khai
gadha jotoi petao
gadha ki ghora hay",0
234,4061,O ki diyeche,0
661,662,Thik korecheЁЯШБЁЯШБЁЯШБЁЯШБЁЯШБЁЯШЭЁЯШЭЁЯШЭЁЯШЭ,0
3469,3470,Jayega tar address ta ektu bolun plzz,0
2612,2613,"ЁЯСМЁЯСМЁЯСМЁЯСМЁЯСМ
Superb Mrinmoy Da",0
469,470,Or dather dikhe chaye dekho Ranu dir..bomi tho autometic ber hoye jay,0
2575,2576,Thik bolso love you,0
1126,1127,ржмржб рж╣рждрзЗ рж╣рж▓рзЗ ржмржб ржоржи ржерж╛ржХрж╛ ржжрж░ржХрж╛рж░,0
112,4896,ржЕржирзЗржХ рж╕рзБржирзНржжрж░ ржнрж┐ржбрж┐ржУ,0
89,3916,@Animesh Kundu <https://youtu.be/9orFPBxjbXQ>,0
2929,2930,"Fashi deoa uchete ...ader sobai k ...ader to kete fele deoa uchete kukur gulo
sob",0
1331,1332,Ato kharaub,0
1323,1324,ржЕрж╛рж░ рждрзБржорж┐ржУ ржмрзНржпрж╛ржмрж╕рж╛ рж╢рзБрж░рзБ ржХрж░рзЗ ржжрж┐рж▓рж╛,0
3422,3423,Ohankar onak,0
828,829,Bhi vitore gaale 200 aro chibeЁЯШВЁЯШВЁЯШВЁЯШВЁЯШВЁЯШВЁЯШВЁЯШВ,0
3444,3445,Dada right,0
214,4998,sera jobab тЭдя╕П,0
2407,2408,ЁЯСМЁЯСМЁЯСМЁЯСМЁЯСМЁЯСМЁЯСМЁЯСМЁЯСМЁЯСМЁЯСМ,0
1572,1573,Ai kutti ke dekhlai matha gorom hya jay..,0
520,4347,Ranu dog,0
2697,2698,ЁЯСМЁЯСМЁЯСМЁЯСМЁЯСМЁЯСМЁЯСМ,0
2665,2666,"ржПржЯрж╛ржХрзЗ ржЬрзБрждрж╛ ржорж╛рж░рж╛ ржЙржЪрж┐ржд
ржЖржорж╛рж░ ржПржЗ рж░рж╛ржирзБржХрзЗ ржПржХржжржо ржжрзЗржЦрждрзЗ ржЗржЪрзНржЫрзЗ ржХрж░рзЗ ржирж╛",0
1011,5795,"ei prothom apnar channel er vdo dekhlam..khub valo laglo..bishesh kore apnar
voice ta..jst awesome тЭд",0
1382,1383,рждрзБржЗ ржирж╛рзЯржХ рж╣ржУрзЯрж╛рж░ ржкрж░ ржерзЗржХрзЗ ржХрзЗржЙ ржЖрж░ ржмрж╛ржВрж▓рж╛ ржорзБржнрж┐ ржжрзЗржЦрзЗ ржирж╛,0
3170,3171,ржПржХржжржо,0
1126,5910,lasta ja bola cho tik ...ohinkar valo noy ЁЯШ╢ЁЯШ╢darun bolacho ЁЯШШЁЯШШЁЯШШ,0
2320,2321,ChoromЁЯСМЁЯСМ,0
1305,1306,"ржПржЯрж╛ржЗ рж╣рзЯ, ржШрзБржЯрзЗ ржХрзБрзЬрж╛ржирж┐рж░ ржмрзЗржЯрж┐ ржоржХрзНржХрж╛ ржжрзЗржЦрж▓рзЗред ржнрж┐ржЦрж╛рж░рзА ржпрзЗ рж╣рзЯ ржпрждрзЛржЗ рж░рж╛ржЬ ржкрзНрж░рж╛рж╕рж╛ржжрзЗ ржпрж╛ржХ,
ржЕржнрзНржпрж╛рж╕ ржЯрж╛, ржмрзНржпржмрж╣рж╛рж░рзЗ ржнрж┐ржЦрж╛рж░рж┐ ржЗ ржерж╛ржХрзЗред ржПржЯрж╛ржЗ ржмрж╛рж╕рзНрждржм рж╕рждрзНржпред",0
2176,2177,"Dada kothai Ami jabo DUTA BOTOL JE DHORE ACHHE TAR RETKOTO DADA JANABE
6295015628",0
1945,1946,Akdom thik,0
1130,1131,ЁЯШаЁЯШаЁЯШаЁЯШа,0
3797,3798,ржнрж┐ржХрж╛рж░рж┐ ржХрзЗ ржнрж┐ржХрж╛рж░рзА ржХрж░рзЗ ржжрж┐рж▓рзЗ ржарж┐ржХ рж╣ржмрзЗ,0
17,3844,Bhai dharun bolechis. Ato boro okritoggo manus konodin dekhini.,0
656,657,ржУржЗ ржЬржирзНржпржЗ ржмрж▓рзЗ ржЬрзБрждрзЛ рж╕рзЛржирж╛рж░ рж╣рж▓рзЗржУ рж╕рзЗржЯрж╛ ржкрж╛ржпрж╝ рж░рж╛ржЦрж╛ ржЙржЪрж┐ржд ржУржЯрж╛ржХрзЗ ржХржЦржирзЛ ржорж╛ржерж╛ржпрж╝ рждрзБрж▓рждрзЗ ржирзЗржЗ,0
3757,3758,Right kota vai,0
339,340,Apnar eii pic tai daya acha,0
244,5028,nyc video ranu mondal ato ta niche nemeche seita bojanor jnno,0
767,5551,nice video ЁЯШЖЁЯШЖЁЯШЖЁЯШЖЁЯШЖЁЯШБЁЯШБЁЯШБЁЯШБЁЯШБЁЯШБЁЯШБЁЯШБЁЯСНЁЯСНЁЯСНЁЯСНЁЯСНЁЯСНЁЯСН,0
2778,2779,Apne o to baimane korlen amdar satha,0
1390,1391,Bah dada awesome...ЁЯТХЁЯТХ,0
954,4781,ржПржЗ ржЬрж╛ржпрж╝ржЧрж╛ржЯрж╛ ржХрзЛржерж╛ржпрж╝,0
2839,2840,Rita,0
3199,3200,Yes рж░рж╛ржирзБ ржХрзЗ ржжрзЗржЦрж╛рж░ ржЗржЪрзНржЫрж╛ ржХрж░рзЗ ржирж╛,0
3533,3534,Ok abar bikharir line patye dau,0
1051,5835,"[7:39](https://www.youtube.com/watch?v=hkdtbtv7f00&t=7m39s) akdom thik bolecho
bro",0
1614,1615,Samaresh Biswas,0
296,5080,tumi ekta boro baal ranu............,0
43,44,relpeter kutta ranu ha ha ha,0
594,595,"Ranu j dimma gay"" khali golay or gan tooo kutta raginir mato bicchiri lagy",0
2358,2359,Tomar channel a notun dada,0
833,5617,khub valo laglo bossssssssssssss....i like you ЁЯШНЁЯСМ,0
532,533,A e tui Kay ray ЁЯШШЁЯШШЁЯШШЁЯШШ,0
656,4483,Dada tmi thik bolecho goЁЯСНЁЯЩП,0
1205,1206,"Tumi ja koracho, tomai keu Valo bolbena dada",0
2952,2953,Totla ЁЯШВ,0
3111,3112,ржЬржпрж╝рж╛рж░ рж╕рж╛ржерзЗ рж╕рзГржЬрж┐рждрзЗрж░ ржХрзЛржи рж╕ржорзНржкрж░рзНржХ ржЫрж┐рж▓ ржирж╛ред ржЖржЬрж╛ржЗрж░рж╛ ржХржерж╛ ржХржо ржмрж▓рзЗржиред,0
845,5629,ржЦрзБржм рж╕рзБржирзНржжрж░ ржнрж┐ржбрж┐ржУ,0
863,864,ЁЯРШ ржЪрж▓рзЗ ржмрж╛ржЬрж╛рж░рзЗ ржХрзБрждрзНрждрж╛ ржбрж╛ржХрзЗ рж╣рж╛ржЬрж╛рж░,0
3174,3175,Ai ranu jobe theke gankorche Sala amader shobai ke chode diche.,0
581,4408,Tair chahara daklla oy ar gan sunta echa kora na asobho,0
129,3956,"Dada apner kothata ami mone kori jothertho.Manusher jibone otha o pora ekta
muhurter moton.Tai hotah kichu hole sati niea oto barabari korata uchit
[noi.By](http://noi.by/).",0
3774,3775,Senior ji hendel marar best time kokhon,0
3781,3782,@DreamtheateR ржХржерж╛ржЯрж╛ ржоржирзЗрж╣рзЯ ржкрж╛рж░рзНржЯржирж╛рж░рж╢рзАржк ржмрж▓рждрзЗ ржЪрж╛ржЗржЫрзЗржи,0
475,4302,ржнрж╛ржЗ ржХрзЛржерж╛рзЯ,0
72,4856,ki soitan,0
133,134,Era onek dukho koste ei pothe eseche,0
83,3910,"Vai tomar video valo laglo...
Kintu tumi j vider thamneil lagiyecho seta click bit a ase..",0
1109,5893,sotti sundor,0
11,3838,Aijnno lok bole je Vikhiri k mathay uthate hoy nh,0
162,163,Tumio ki chude esecho eder,0
2594,2595,ржУ ржорж╛ржЗ ржЧржЯ ржЬрзЛрж░рзЗ ржжрзЗ,0
2278,2279,"ржЕржкрзБ рж╣рж┐ржирзНржжрзБ ржзрж░рзНржорж░рзЗ ржЪрж▓рзЗ ржЧрзЗржЫрзЗ
рждрж╛рждрзЗ ржЖржорж╛ржжрзЗрж░ ржХрж┐
ржЖржорж╛рж░ ржХржерж╛ рж╣рж▓рзЛ ржХрзЗржЙ ржпрзЗржирзЛ
ржЖржорж╛ржжрзЗрж░ ржЗрж╕рж▓рж╛ржо ржзрж░рзНржоржХрзЗ ржЕржкржорж╛ржи ржирж╛ ржХрж░рзЗ...?
ржЕржкрзБ ржХрзЗ ржмрж▓ржЫрж┐
рждрзБржорж┐ ржЖрж╕рж▓рзЗ ржорзБрж╕рж▓рж┐ржо ржХржЦржирзЛ ржоржи рждрзЗржХрзЗ рж╣ржУржирж┐
рждрж╛ржЗ рждрзЛржорж╛ржХрзЗ ржЖржорж╛рж░ ржЖрж▓рзНрж▓рж╛рж╣ ржХржмрзБрж▓ ржХрж░рзЗржи ржирж┐",0
380,4207,Faltu song ЁЯдоЁЯдоЁЯдоЁЯдвЁЯдвЁЯдвЁЯдоЁЯдоЁЯдоЁЯдо,0
272,5056,ranu pagli chilo r pagli tahkbe,0
3499,3500,Baler videoooo...,0
3073,3074,"U R Right bro,,, thik kotha bolecho...",0
782,5566,dara tomar o tallent a6e,0
811,5595,sotti vi ekdom thikkkk ред tomar sathe ami ek mot,0
3003,3004,ржПрж░ ржЬржирзНржп ржЖржорж░рж╛ржЗ ржжрж╛рзЯрзА ржУржирж╛ржХрзЗ ржирж┐рзЯрзЗ ржПрждрзЛ ржорж╛рждрж╛ ржорж╛рждрж┐ ржХрж░рж╛рж░ ржХрж┐ ржжрж░ржХрж╛рж░ ржЫрж┐рж▓ ЁЯЩДЁЯЩДЁЯЩДЁЯЩДЁЯЩДЁЯЩДЁЯЩД,0
357,358,Ranu re abar ranaghat station a patano drkr.....Sali vhikari.....,0
3745,3746,ржПржЗ рж▓рж╛ржЗржирзЗ ржЫрзЗрж▓рзЗржжрзЗрж░ ржЬржирзНржп ржХрзЛржирзЛ ржХрж╛ржЬ ржЖржЫрзЗ ред,0
735,5519,plz make manisha koirala,0
1352,1353,"Ata ke, amra ektu kichu palai lafai ata or na amader bhul",0
2089,2090,Right bro ржПржХрзЗржмрж╛рж░рзЗ ржарж┐ржХ ржмрж▓ржЫрзЗржи,0
496,497,"ржмрж╛ржЗ ржкрзБрж░рж╛ ржХрж╛ржорж╛рж▓ ржХрж░рзЗ ржжрж┐рзЯржЫ,,, ржПржХржжржо Right ржХржерж╛ ржмрж▓ржЫ,,,,",0
356,4183,Orokom Manuska kokhono help Kora thik noi,0
1636,1637,рж╕рждрзНржпрж┐ ржХржерж╛ ржнрж╛ржЗ,0
369,5153,dada er por tomar gaan viral hbe ЁЯднЁЯдн,0
2498,2499,Atindra Da please r video post Koro na.jodi Tomar sikha hoya thakay,0
2603,2604,"рж░рж╛ржирзБрж░ ржорждрзЛ ржПржХржЯрж╛ ржнрж┐ржЦрж╛рж░рж┐ ржпрзЗржоржи ржкрж╛рзЯрзЗрж░ ржЬрзБрждрзЛ ржЕржирзЗржХ ржжрж╛ржорж┐ рж╣рж▓рзЗржУ рждрж╛ржХрзЗ ржХрзЗржЙ ржорж╛ржерж╛рзЯ рждрзБрж▓рзЗ рж░рж╛ржЦрзЗ
ржирж╛ рждрзЗржоржи рждрж╛рж░ ржорждрзЛ ржПржХржЯрж╛ ржлрж╛рж▓рждрзБ рж╢рж┐рж▓рзНржкрзАржХрзЗ ржкрж╛ржкрж╕рзЗрж░ ржорждрзЛ ржкрж╛рзЯрзЗрж░ ржирж┐ржЪрзЗ рж░рж╛ржЦрж╛рзЯ ржЙржЪрж┐рждред",0
2305,2306,"Ki bolle dada! Mon 6uye gelo! Darun...darun...
ЁЯТЦЁЯТЦЁЯТЦ",0
30,31,ржпрзЗржЦрж╛ржи ржерзЗржХрзЗ ржирж┐рзЯрзЗ ржЖрж╕рж╛ рж╣рзЯрзЗржЫрзЗ ржЖржмрж╛рж░ рж╕рзЗржЦрж╛ржирзЗ ржЧрж┐рзЯрзЗ рж░рзЗржЦрзЗ ржЖрж╕рзБржи,0
920,5704,ЁЯдгЁЯдгЁЯШВЁЯШВЁЯдгЁЯдгЁЯдгЁЯдгЁЯдг,0
849,5633,"apner sesr kotha gulo khub vlo laglo .............r sobthake vlo laglo kono
karap kotha na bole roasting kora tah .........apner channel a new ЁЯШГ",0
602,603,ржХрж▓ржХрж╛рждрж╛рзЯ ржПрж╕ржм рж╣рзЯред,0
1589,1590,"Sealdah theke Namkhana Ba Laxmikantapur Train Dhore SHASAN ROAD Station a
Namte Hobe.",0
1098,5882,ЁЯШДЁЯШДЁЯШДЁЯШД,0
278,5062,ржмржбрж╝рж▓рзЛржХ ржнрж┐ржЦрж╛рж░рж┐ ЁЯШВЁЯШБ,0
1878,1879,Thik bolecho vai,0
1171,1172,Ranu mondal k station ai bosia deoa hok...oi ranaghat aaaa.,0
1619,1620,"ржУрж░рж╛ ржнрж╛рж▓рзЛ ржорж╛ржирзБрж╖ ,,ржкрзЗржЯрзЗрж░ ржжрж╛ржпрж╝рзЗ ржПрж░рж╛ ржПрж╕ржм ржХрж░ржЫрзЗ",0
3343,3344,"Aamar badanr singar
Sauooo",0
3534,3535,ржжрж╛ржжрж╛ ржПржЯрж╛ ржХрзЛржерж╛ржпрж╝,0
98,99,@Somendra nath Chatterjee тЭдя╕ПтЭдя╕П,0
3305,3306,Kothay eta,0
548,4375,"Kano esob video koris vai...orao nijeder pet er dai er jnno ei pothe
neme6e..paris to oder help kor ki6u jama, kapor diye..video kore charisna..",0
2109,2110,"No Ranu Di
She is Panu Di",0
2600,2601,ржЖржЫрзЛрж▓рж╛ ржмрж╛рж╕,0
1400,1401,"ржЕржкрзБ,рждрзЛржорж╛ржХрзЗ,ржЖржорж┐,ржмрж┐рзЯрзЗ,ржХрж░ржм,ржХрж┐,ржмрж▓рзЗржи",0
767,768,moner kotha ta bolechen dada,0
454,4281,suorer bachader fasir thekey Jodi aro onno kono sasti deya jeto valo hoto,0
1547,1548,Ranur pachay latte mere rana ghat station pathan,0
2869,2870,Thik bolle bada vikar vikaiye hoi raja rajai hoi,0
713,5497,"cheleta r kothin sasti hole onek hajar hajar meye shikkha pabe. r chelera o
erokom posu r moto achoron krbe na",0
262,5046,kub vlo laglo video ta sotti osadharon,0
551,4378,Baler ranu mondal ooo tar gan,0
1134,5918,bhai mukhe aysob ki hater kaj onek hocche naki ...ЁЯдгЁЯдгЁЯдг,0
2297,2298,Amar baler gaika Ranu mondol..,0
3736,3737,"ржУрж░ ржЧрж╛ржи рж╢рзБржирзЗ ржЖржорж╛рж░ ржоржирзЗ рж╣ржпрж╝ ржпрзЗ ржЖржорж┐ ржХрзЛржерж╛ржпрж╝ ржЖржЫрж┐ ржЖржорж┐ ржорж░рзЗ ржпрж╛ржЗ ржирж┐ рждрзЛ ржЖрж░рзЗ рж░рж╛ржирзБрж░ ржерзЗржХрзЗ рждрзЛ
ржЖржорж╛ржжрзЗрж░ ржмрж╛ржбрж╝рж┐рж░ ржкрж╛рж╢рзЗрж░ ржХрзБржХрзБрж░рзЗрж░рж╛ржУ ржнрж╛рж▓рзЛ ржЧрж╛ржи ржЧрж╛ржЗрждрзЗ ржкрж╛рж░рзЗ ЁЯШВЁЯШВЁЯШВЁЯШВЁЯШВЁЯдгЁЯдгЁЯдгЁЯдгЁЯдг",0
776,777,Right bro chaliye jao,0
3342,3343,Dhorshokder fanshi chai,0
515,4342,"Ranu mandal k abr sob ki6u kare niye station a pathai dao tahole sob attitude
barai jabe",0
1843,1844,"Ekdom thik bolechen ranu baal ta k dekhle mejaj ta gorom lage chika marka ekta
voice..r vaab er thelay bache na.. Oidin ekta video te dekhlam pagol ta saloar
chara e camerar samne asche...",0
937,5721,"i m very hpy to see that roast video .. ai mohila k ato mathai tola akdom e
uthit hoini...",0
986,5770,sob kotha thik bolecho ЁЯдгЁЯдгЁЯдгЁЯдгЁЯдгЁЯдгЁЯдгЁЯдгЁЯдгЁЯдгЁЯдгЁЯдгЁЯдгЁЯдгЁЯдгЁЯдгЁЯдгЁЯдгЁЯдгЁЯдгЁЯдгЁЯдгЁЯдгЁЯдгЁЯдгЁЯдгЁЯдг,0
1144,5928,wha amr dialog,0
3665,3666,Ae shab manushder viral amader moto manushrai kore...,0
3129,3130,ржЦрзБржм ржнрж╛рж▓рзЛ,0
2084,2085,Lovely dada jio ЁЯШШЁЯШШЁЯШШakdom thik bole cho ЁЯШШЁЯШШ,0
29,30,beti ta khub soytan bikari . manus re khub opman kore.,0
2459,2460,"рждрзБржорж┐ ржЖржорж╛рж░ рж╕ржЩрзНржЧрзЗржЗ ржЖрж╕рзЛ , рждрж╛рж╣рж▓рзЗ ржжрзБржЬржирзЗ ржорж┐рж▓рзЗ ржХрж╛ржЬржЯрж╛ ржХрж░рж┐ , рждрзБржорж┐ ржмрж▓рзЗ ржжрж┐рж▓рзЗ рж╢рзЗрж╖ ржирж╛ ,
рждрзЛржорж╛ржХрзЗржУ ржкрзНрж░рждрж┐ржмрж╛ржж ржХрж░рждрзЗ рж╣ржмрзЗ , ржПржХржЯрж╛ ржХржорзЗржирзНржЯ ржХрж░рзЗ ржЕржирзЗржХ ржХрж┐ржЫрзБ ржмрж▓рж╛ ржпрж╛ржпрж╝ , ржУрждрзЗ ржмрж╛ржкрзЗрж░
ржмрзНржпрж╛ржЯрж╛рж░ ржкрж░рж┐ржЪржпрж╝ ржиржпрж╝ !",0
952,5736,"cinebup a ata dakhlam r apnar channel a dakhlam.i66e kor6e amio 1ta channel
open kore ai veker ranu mandal k nia 1ta video banai.r ratarati o jvabe
superstar hoe6ilo serokom ratarati ranu mandal k dumbstar dakhar khub i66e
kor6e vai.amito apnar video download kore whtsap a status dite suru koredia6i.",0
1370,1371,"Jamon meye tamon maa, I hate Ranu mondol, Phaltu okritoggo MohilaЁЯШЯ",0
2052,2053,Dhurr ci ci ci,0
293,5077,ЁЯШВЁЯдгЁЯдгЁЯдгЁЯШВЁЯШВ,0
1028,5812,darun dada,0
1372,1373,Darun,0
205,206,Dada ranu pagolgo,0
288,5072,khub valo.,0
1869,1870,Salir mukta aynay dekar dorkar,0
157,3984,Nich tips,0
912,5696,darun funny video..ЁЯШБЁЯШБЁЯШБЁЯШВЁЯШВЁЯдг,0
1654,1655,Akdom thik dada,0
161,162,"ржХрж┐ ржЕрж╛рж░ ржХрж░рж╛ ржпрж╛ржмрзЗ ржУрж░рж╛ ржУржжрзЗрж░ ржкрзЗржЯрзЗрж░ ржжрж╛ржпрж╝рзЗ ржмрзЗрж╢рзНржпрж╛ржмрзГрждрзНрждрж┐ ржХрж░ржЫрзЗ ржЕрж╛рж░ ржПржЗ ржжрж╛ржжрж╛ ржУржирж╛рж░ ржнрж┐ржЙржЬ
ржПрж░ ржЬржирзНржп ржПржЯрж╛ ржХрж░ржЫрзЗ ржЕрж╛рж░ ржЖржорж┐ ржЖржорж╛рж░ ржЪрзНржпрж╛ржирзЗрж▓рзЗ ржнрж┐ржЙржЬ ржмрж╛ржбрж╝рж╛ржирзЛрж░ ржЬржирзНржп ржПржЗ ржХржорзЗржирзНржЯ ржЯрж╛ ржХрж░ржЫрж┐ред
рж╕ржмрж╛ржЗ рж╕ржмрж╛рж░ ржкрзЗржЯрзЗрж░ ржжрж╛ржпрж╝рзЗ ржХрж░рзЗ ЁЯЩВ",0
2198,2199,Dhonnya bad,0
23,3850,"ржПржжрзЗрж░ ржХрж╖рзНржЯрзЗрж░ ржХржерж╛ рж╢рзБржиржЫрзЗржи ржнрж╛рж▓ ржХржерж╛ рждрж╛рж░ ржкрж░ ржХрж┐ржЫрзБ ржЯрж╛ржХрж╛ ржжрж┐рзЯрзЗ ржЖрж╕рждрзЗ ржкрж╛рж░рждрзЗржи, ржХрж┐ржЫрзБ ржирж╛ ржХрж░рзЗред",0
334,5118,ha dada thik bolcho,0
1166,5950,bepok vai thik bole6is besi ohonkar valonaЁЯСН,0
2583,2584,kutthar kotha sunle jutaite ischa hoi....halar gan ak bari suneci.....,0
1591,1592,Pagol,0
2692,2693,"рждрзБржорж┐ ржарж┐ржХржЗ ржмрж▓рзЗржЫрзЛ ржнрж╛ржЗ, ржнрж┐ржЦрж╛рж░рзАрж░ ржоржи ржХржЦржирзЛ рж░рж╛ржЬрж╛рж░ ржоржд рж╣рзЯ ржирж╛,",0
219,220,"Cousin Der modde biye hole ki hoi?
Aajkal onk Serial e to dekhasshe, Mashir meye, Pishir Meyer Sathe prem .......",0
3066,3067,Salar Ak nmb r Aball ranuu...,0
128,129,Akta pagol,0
2712,2713,<https://www.youtube.com/channel/UCCRGVN2CQKsmigGsaF3Ca3A/videos?view_as=subscriber>,0
1067,1068,Ae toder ato hinsa keno ranu mondol er upor?,0
1583,1584,Dada fatiye diyecho,0
126,127,рж░рж╛ржирзБ ржзрж░рзНржо рж╕ржоржкрж░рзНржХрзЗ ржЬрж╛ржирзЗ ржирж╛ред,0
1573,1574,"Tik vai r o koro...............ami tmder pasec a6i
Amar bari ranaghat",0
714,715,Bhai Nice,0
2144,2145,"Sobi bujhlam kintu koyel mallicker ranumondol k juto chure mara beparta
bujhlam na..",0
2597,2598,Aro banau,0
116,117,Ranu Dede beti sathirai bohot bhul buje . Soitho jibone nai . Make dekina .,0
1569,1570,Oisob suyorer bachcha gulo ke petrol dele jaliye deoya hok abilombe...,0
1402,1403,Super vdo yr,0
1809,1810,ржпржерзЗрж╖рзНржЯ vlo bebohar. Somosya ржЖржкржирж╛рж░. Apni kno ржЧрзЗржЫрзЗржи ржЪрзБрж▓ржХрж╛ржирж┐ ржХрж░рждрзЗ,0
2125,2126,ржПржХ ржжржо ржарж┐ржХ ржжрж╛ржжрж╛,0
1609,1610,"Sala suorer ba66agulo to noroker kit er thekeo nongra... Norokeo thai
hobena.... 6i, 6i....eder to asid e chubiea mara uchit kupiye..ki vabe ato
valo sundor meyetak Marlo....",0
810,4637,Vi Tomar style poro onkus ar moto,0
3319,3320,Thanks bai thanks,0
51,52,OWao Kotha gulo darun bole6,0
408,409,Didi bolar kono dorkar nai bro,0
235,4062,kothai ata,0
2965,2966,ржУржХрзЗ ржЖрж░ ржлрзЗржорж╛рж╕ ржХрж░рж╛рж░ ржжрж░ржХрж╛рж░ ржирж╛ржЗ,0
647,4474,"ржжрж╛ржжрж╛ ржЖржкржирж┐ рж╕рждрзНржпрж┐ рж╕ржм ржарж┐ржХржЗ ржмрж▓рж▓рзЗржиред ржЖржкржирж╛рж░ ржнрж┐ржбрж┐ржУ ржЧрзБрж▓рзЛ ржЦрзБржм рж╕рзБржирзНржжрж░редред ржХрж┐ржирзНрждрзБ ржжрж╛ржжрж╛ ржПржХржЯрж╛
ржХржерж╛ ржмрж▓ржЫрж┐, ржХрж┐ржЫрзБ ржоржирзЗ ржХрж░ржмрзЗржи ржирж╛редред ржЖржкржирж┐ ржПрждрзЛ рж╕рж┐рж░рж┐рзЯрж╛рж╕ ржнрж╛ржмрзЗ ржирж╛ ржмрж▓рзЗ, ржПржХржЯрзБ ржорзБржЦрзЗ рж╣рж╛рж╕рж┐
рж░рж╛ржЦржмрзЗржиредред ржнрж┐ржбрж┐ржУржЯрж╛ ржжрзЗржЦрждрзЗ ржЖрж░рзЛ ржмрзЗрж╢рж┐ ржнрж╛рж▓рзЛ рж▓рж╛ржЧржмрзЗЁЯШКЁЯШКред ржпржжрж┐ ржХрж┐ржЫрзБ ржнрзБрж▓ ржмрж▓рзЗ ржерж╛ржХрж┐, ржХрзНрж╖ржорж╛
ржХрж░ржмрзЗржиЁЯШР",0
2410,2411,Eta valovasa Noy eta paglami,0
152,4936,ranu r moson dakla bajarer moto laga,0
622,4449,Ki dilen dada,0
1853,1854,dhur sob pagol chagol,0
61,3888,ржнрж╛ржЗ ржнржЧрз▒рж╛ржирзЗрж░ ржЪрж╛ржХрз░ рждрж╣ рж╕ржмрж╛ржЗред ржмрж╛ржХрзА ржЧрзЛрж▓рж╛ ржХржерж╛рж░рж╕рж╛ржерзЗ ржПржХржорждред,0
3289,3290,ЁЯШНЁЯШНЁЯШН Osthir....,0
236,4063,рж╕рзБржорж┐ ржЖржХрзНрждрж╛рж░,0
398,399,ржнрж╛ржЗ ржХрзЛржи ржЬрж╛ржпрж╝ржЧрж╛ржпрж╝ ржПржЯрж╛,0
187,4971,super dada,0
3582,3583,рж░рж╛ржирзБ ржоржирзНржбрж▓ ЁЯШВЁЯШВЁЯШВЁЯШВЁЯШнЁЯШнЁЯШн,0
245,246,"ржжрзЗржЦрзЗ,,рждрзЛ, рждрж╛ржЗ,ржоржирзЗ рж╣рзЯ,
ржкрж╛ржЧрж▓, ржЖрж░,ржЫрж╛ржЧрж▓,,",0
1168,5952,akadom tik kotha bhi...nices video bhi,0
940,941,ржнрж╛ржЗ рждрзБржЗ ржЬрзАржмржирзЗ ржХрзА ржХрзА ржнрзБрж▓ ржХрж░рзЗржЫ ржЖржЧрзЗ рждрж╛рж░ ржмрж┐ржЪрж╛рж░ ржХрж░,0
721,5505,"shotti cheletar ei vabe meye ta k thokano uchit hoi ni...r cheletar dada
boudir uchit chilo meye tar satha biye diye dewa...r meye tar mora jawa thik
hoi ni karon mora giye kichu hbe na..",0
144,145,рж╢ржХрзБржи ржпржд ржЙржкрж░рзЗ ржЙржарзБржХ рждрж╛рж░ ржиржЬрж░ ржерж╛ржХрзЗ ржирж┐ржЪрзЗрж░ ржжрж┐ржХрзЗ ред рж░рж╛ржирзБ рж╢ржХрзБржи рждрж╛рж░ ржЙржжрж╛рж╣рж░ржгред,0
388,4215,ЁЯдгЁЯдгЁЯдгЁЯдгthek,0
2574,2575,Kothai ai ta,0
456,4283,"рж░рж╛ржирзБ ржоржирзНржбрж▓рзЗрж░ ржмрж┐рж░рзБржжрзНржзрзЗ ржмрж▓рж╛рж░ ржЬржирзНржп ржЖржкржирж╛рж░ ржПржд ржЖржЧрзНрж░рж╣ ржХрзЗржи? ржЖржкржирж╛ржХрзЗ ржХрзЗ ржЯрж╛ржХрж╛ ржжрж┐ржпрж╝рзЗржЫрзЗ
ржмрж▓рзБржирждрзЛ ржПржЗ ржнрж┐ржбрж┐ржУ ржмрж╛ржирж╛ржирзЛрж░ ржЬржирзНржп, ржжрзЗржЦрзБржи ржЙржирж┐ рж╣ржпрж╝рждрзЛ рж╕рзЗржЯрж╛ ржмрж▓рждрзЗ ржЪрж╛ржи ржирж┐,ржЙржирж╛рж░ ржЕржЬрзНржЮрж╛ржирждрж╛рж░
ржЬржирзНржп ржХржерж╛ржЧрзБрж▓рзЛ рж╣ржпрж╝рждрзЛ рж╕рж╛ржЬрж┐ржпрж╝рзЗ ржЧрзБржЫрж┐ржпрж╝рзЗ ржмрж▓рждрзЗ ржкрж╛рж░рзЗржи ржирж┐, рждрж╛ржЗ рж╢рзБржирждрзЗ ржХрж┐ржЫрзБ ржЯрж╛ ржЦрж╛рж░рж╛ржк
рж▓рзЗржЧрзЗржЫрзЗ ржХрж┐ржирзНрждрзБ ржЙржирж╛рж░ ржЙржжрзНржжрзЗрж╢рзНржп ржЦрж╛рж░рж╛ржк ржЫрж┐рж▓ ржирж╛, ржпрж╛рж░рж╛ рж░рж╛ржирзБ ржоржирзНржбрж▓рзЗрж░ ржПржд рж╕рзБржирж╛ржо рж╕ржЗрждрзЗ
ржкрж╛рж░ржЫрзЗ ржирж╛ рждрж╛ржжрзЗрж░ ржорждрзЛ рж▓рзЛржХрзЗрж░рж╛ржЗ ржЖржкржирж╛рж░ ржорждрзЛ рж▓рзЛржХржжрзЗрж░ ржЯрж╛ржХрж╛ ржжрж┐ржпрж╝рзЗ ржнрж┐ржбрж┐ржУ ржмрж╛ржирж╛рждрзЗ ржЙрзОрж╕рж╛рж╣рж┐ржд
ржХрж░ржЫрзЗред ржорзБржорзНржмрж╛ржЗ ржЧрж┐ржпрж╝рзЗ ржЧрж╛ржи ржХрж░рждрзЗ ржпрзЛржЧрзНржпрждрж╛ рж▓рж╛ржЧрзЗ рж╕рзЗржЯрж╛ рж░рж╛ржирзБржжрж┐ ржкрзНрж░ржорж╛ржг ржХрж░рзЗржЫрзЗржи, рж╣рж┐ржВрж╕рж╛ ржХрж░рзЗ
ржпрзЛржЧрзНржпрждрж╛ ржЕрж░рзНржЬржи ржХрж░рж╛ ржпрж╛ржпрж╝ ржирж╛ рждрж╛рж░ ржЬржирзНржпрзЗ рж╕рж╛ржзржирж╛рж░ ржкрзНрж░ржпрж╝рзЛржЬржи, ржпрж╛рж░рж╛ ржЯрж╛ржХрж╛ ржЦрж░ржЪ ржХрж░рзЗ ржнрж┐ржбрж┐ржУ
ржмрж╛ржирж╛ржЪрзНржЫрзЗ рждрж╛ржжрзЗрж░ ржХрзЗ ржмрж▓рзБржи ржЯрж╛ржХрж╛ ржЦрж░ржЪ ржХрж░рзЗ рж╕рж╛ржзржирж╛рж░ ржорж╛ржи ржмрж╛ржбрж╝рж╛рждрзЗ рждржмрзЗ рж╣ржпрж╝рждрзЛ ржУрж░рж╛ржУ ржПржХржжрж┐ржи
ржорзБржорзНржмрж╛ржЗ рждрзЗ ржбрж╛ржХ ржкрж╛ржмрзЗред рж╢рзБржирзЗржЫрзЗржи ржХржЦржирзЛ рж╣рж┐ржВрж╕рзЗ ржХрж░рзЗ ржХрзЗржЙ ржХрзЛржи ржжрж┐ржи ржмржбрж╝рзЛ рж╣ржпрж╝рзЗржЫрзЗ, ржнрж┐ржбрж┐ржУ ржирж╛
ржмрж╛ржирж┐ржпрж╝рзЗ ржР рж╕ржоржпрж╝ ржЯрж╛ рж░рж╛ржирзБржжрж┐ ржХрзЗ ржжрж┐ржи, рж╢рж┐ржЦрж┐ржпрж╝рзЗ ржжрж┐ржи ржХрж┐ ржХрж░рзЗ ржЖржкржирж╛рж░ ржорждрзЛ рж╕рж╛ржЬрж┐ржпрж╝рзЗ ржЧрзБржЫрж┐ржпрж╝рзЗ
ржХржерж╛ ржмрж▓рждрзЗ рж╣ржмрзЗ, ржЖржкрж╛рждрждрзЛ рж░рж╛ржирзБ ржоржирзНржбрж▓рзЗрж░ ржХржерж╛ рж╢рзБржирждрзЗ ржЦрж╛рж░рж╛ржк рж▓рж╛ржЧрж▓рзЗржУ ржЖржкржирж╛рж░ ржЙржжрзНржжрзЗрж╢рзНржп ржпрзЗ ржЖрж░рзЛ
ржЦрж╛рж░рж╛ржк рж╕рзЗржЯрж╛ ржХрж┐ржирзНрждрзБ рж╕ржмрж╛ржЗ ржмрзБржЭрждрзЗ ржкрж╛рж░ржЫрзЗред ржП ржнрж╛ржмрзЗ ржЦрзЛрж▓рж╛ржорзЗрж▓рж╛ ржмрж▓рж▓рж╛ржо ржмрж▓рзЗ ржЖржорж╛ржХрзЗ ржорж╛ржл ржХрж░ржмрзЗржиред
ржорж╛ржирж╕рж┐ржХрждрж╛ ржХрзЗ ржмржбрж╝ ржХрж░рзЗ ржмрж░ржВ ржЙржирж╛ржХрзЗ рж╕рж╛рж╣рж╛ржпрзНржп ржХрж░рзБржиред",0
2781,2782,Ber kare dao,0
1767,1768,Bhai 6ere de eke boyosko lok 10 years bhikari hoye katiye6e matha ga6e,0
3708,3709,Tomar kotha,0
336,5120,lat toko balolag lo,0
1117,1118,Apnar kota gulo jit ar moto lage,0
2726,2727,"Dada apni ja bollen akdom thik ami suni haste haste goragori khachi amito
apnar fan hoegalm apnr Vidio amr valo lagle thank you ami share korbo thank
you so much",0
2711,2712,"рждрж╛ржжрзЗрж░ рж╕рж╛ржерзЗ ржЦрж╛рж░рж╛ржк ржмрзНржпржмрж╣рж╛рж░ ржХрж░рзЛржирж╛ред рждрж╛рж░рж╛ ржорж╛рзЯрзЗрж░ ржЬрж╛рждред рждрж╛рж░рж╛ рж╕ржмрж╛ржЗ ржирж┐рж╖рзНржкрж╛ржкред рждрж╛ржжрзЗрж░ рж╕рж╛ржерзЗ
ржХрзЗржЙ ржЕржирзНржпрж╛рзЯ ржХрж░рж▓рзЗ рж╕рзЗ ржирж┐рж╢рзНржЪрж┐ржд ржЕржнрж┐рж╢рж╛ржкрзЗ ржкрждрж┐ржд рж╣ржмрзЗред ржкрзНрж░ржнрзБ рждрж╛ржжрзЗрж░ ржнрж╛рж▓ рж░рж╛ржЦрзБржХред",0
1735,1736,Balo,0
2185,2186,Beyman ranu mondol,0
876,5660,kotha kasmirer ul ar kotha ______ar chul ЁЯдгЁЯдгЁЯдгЁЯдг,0
1204,1205,"ржкрзБрж░рзЛ ржоржирзЗрж░ ржХржерж╛ ржмрж▓рзЗржЫрзЗржиред ржЙржирж┐ рж╕рждрзНржпрж┐ржЗ ржПржХржЬржи ржнрж╛рж▓рзЛ ржЧрж╛ржпрж╝рзАржХрж╛, ржХрж┐ржирзНрждрзБ ржПржХржЬржи ржнрж╛рж▓рзЛ ржорж╛ржирзБрж╖ рж╣рждрзЗ
ржкрж╛рж░рзЗржи ржирж┐ред",0
3477,3478,Baler ktha....,0
2774,2775,ЁЯШЕЁЯШЕЁЯШЕЁЯдгЁЯдгЁЯдгЁЯдгЁЯдгЁЯдгЁЯШВЁЯШВЁЯШВЁЯШВЁЯШВ,0
360,4187,Ebar tui o juto khabi,0
244,245,Ota ke or maya?,0
951,952,рж╕рзЗржЗ ржнрж┐ржХрзНрж╖рзБржХ ржПржЦржи ржХрзЛржерж╛рзЯ...?,0
464,465,Right mantabo,0
108,3935,Akdom tik bolachan,0
1336,1337,Akta like Diya Santi ho6a na ЁЯШБЁЯШЖ,0
225,4052,"Ranu di k ar platform rakha ja ba na o k dustbin a fala daw na hola gutar dam
bara jaba",0
2878,2879,ржЖржкржирж┐ ржпрж╛ржмрзЗржи ржирж╛ржХрж┐ ?,0
5,4789,kowsar ali,0
545,546,ржУржжрзЗрж░ ржХрзЗ ржУржжрзЗрж░ ржорждрзЛ ржерж╛ржХрждрзЗ ржжрж╛ржУ. ржнрж┐ржбрж┐ржУ ржЯрж╛ ржХрж░рж╛ ржЙржЪрж┐ржд рж╣рзЯ ржирж┐. ржУржжрзЗрж░ ржУ рждрзЛ ржлрзНржпрж╛ржорж┐рж▓рж┐ ржЖржЫрзЗ.,0
3790,3791,ЁЯдгЁЯдгЁЯдгЁЯдгЁЯдгЁЯдгЁЯдгekdom thik bolcho tumi sotti,0
3756,3757,khub vlo,0
3599,3600,Pagolll tmi,0
1376,1377,"ржХрж┐ ржЖрж░ ржХрж░рж╛ ржпржмрзЗ ржжрж╛ржжрж╛........
рж╕ржоржпрж╝ ржЦрж╛рж░рж╛ржк ржерж╛ржХрж▓рзЗ ржкрзЗржЫржи ржорж╛рж░рж▓рзЗржУ ржмрж╛ржЪрзНржЪрж╛ рж╣ржпрж╝ред ЁЯШПЁЯШПЁЯШПЁЯШЙ",0
230,5014,"bhagoaun ki taka dichilo mumbai jaur jonno na sampu kinta dichilo tomar mathar
oukhon bahaganor jonno balo",0
2595,2596,"Dada videota khub khub valo legechhe. Apnar kotha bolar dharan o amar khub
valo legechhe. Chaliye jao dada.",0
540,541,Bolecho,0
1381,1382,"ржПржоржи ржнрж┐ржбрж┐ржУ ржжрзЗржЦрж╛рж░ ржЕржкрзЗржХрзНрж╖рж╛ржЗ ржЫрж┐рж▓рж╛ржо, ржзржирзНржпржмрж╛ржж ржнрж╛ржЗ",0
685,4512,"рждрзЛржХрзЗ ржПржЗрж╕ржм ржмрж╛ржХржЪрзЛржж ржЧрж┐рж░рж┐ ржХрзЗ ржХрж░рждрзЗ ржмрж▓рзЗржЫрзЗ рж╢рзБржпрж╝рзЛрж░рзЗрж░ ржмрж╛ржЪрзНржЪрж╛? рждрзБржЗ ржХрж┐ ржХрзЛржирзЛржнрж╛ржмрзЗ рж╕рж╛рж╣рж╛ржпрзНржп
ржХрж░рждрзЗ ржкрж╛рж░рж▓рж┐ ржУржжрзЗрж░? ржУрж░рж╛рждрзЛ рждрзЛржХрзЗ ржмрж┐рж░ржХрзНржд ржХрж░рзЗржирж┐, рждрж╛рж╣рж▓рзЗ рждрзЛрж░ ржЪрзБрж▓ржХрж╛ржирж┐ ржХрзЗржи?",0
2270,2271,Apni ja bolachin tik kota,0
3216,3217,ржПржЗ ржорзЗрзЯрзЗ ржЯрж╛ ржЕржирзЗржХ ржмрзЗрзЯрж╛ржжржмред,0
3805,3806,"100 taka bole niye jabe tarpor ghore niye giye tmr kache ja taka thakbe sob
ber kore nebe,tarpor korte debe kintu kothao hat dite debe na, gaye sute o
debe na,2 minit er beshi krte debe na.",0
3184,3185,BaoooЁЯСНЁЯСНЁЯСНЁЯСНЁЯСНЁЯСН,0
101,4885,@false id ржЗрж╕рж▓рж╛ржорзЗ ржнрж╛ржЗ ржмрзЛржи ржмрж┐ржмрж╛рж╣ ржЬрж╛рзЯрзЗржЬ ржирж╛ржЗ! ржЖржкржирж┐ ржнрж╛рж▓рзЛ ржХрж░рзЗ ржЬрзЗржирзЗ ржирж┐ржи!,0
410,411,tumi whatsup bola stop kro,0
264,5048,r nayoa ja6ee naa dada... just fatafatii.... asojooo mohila akta.... ЁЯднЁЯднЁЯднЁЯднЁЯдн,0
418,4245,Kono Boudi thakle call koro Aj Onek e6a kor6e 7001807655,0
60,61,ржмрж╛рж░рж╛ржЗржкрзБрж░ ржЯрзЗрж╢ржирзЗрж░ рж▓рзНржпрж╛ржмрзЗ ржХржд ржжрзВрж░ ржпрзЗрждрзЗ рж╣ржмрзЗ ржмрж▓рзБржи ржкрзНрж▓рж┐ржЬ,0
18,19,ржХрзЛржерж╛ржХрж╛рж░ ржнрж┐ржХрж╛рж░рж┐,0
1330,1331,dada jio sim niye video banao r harami mukes ambani k niyeo kichu bolo,0
840,5624,darun vai...,0
868,5652,ЁЯШВЁЯШВЁЯШВЁЯШВЁЯШВЁЯШВЁЯШВЁЯШВЁЯШВЁЯШВЁЯШВЁЯШВЁЯШВЁЯШЖЁЯШЖЁЯШЖЁЯШЖЁЯШЖЁЯШЖЁЯШЖ,0
52,4836,ржЖржорж┐ ржмрж╛ржВрж▓рж╛ржжрзЗрж╢ ржерзЗржХрзЗ ржжрзЗржЦржЫрж┐ред ржЖржкржирж╛ржжрзЗрж░ ржЕржирзБрж╖рзНржарж╛ржиржЧрзБрж▓рзЛрж░ ржЪржорзОржХрж╛рж░ ржжрж╛ржжрж╛!,0
45,3872,amake korun,0
1804,1805,Bro vedio je korecho replay dau aktu,0
471,4298,"@Anindita Maity ржпрж╛ржЗ рж╣рзЛржХ ржоржирзБрж░ ржкрж░ рж╕ржмрж╛ржЗ ржнрж╛ржЗржмрзЛржи ржирж┐рзЯрзЗржЗ ржЖржкржирж┐ ржкрзЬрзЗ ржерж╛ржХрзБржиЁЯШВ, ржПрж╕ржм ржирж┐рзЯрзЗ
ржкрзЬрзЗ ржерж╛ржХрж▓рзЗ ржЖржорж╛рж░ ржЪрж▓ржмрзЗржирж╛ ржХрж╛рж░ржг ржЖржорж╛рж░ рж╣рж╛рждрзЗ ржПрждрзЛ ржлрж╛рж▓рждрзБ рж╕ржорзЯ ржирзЗржЗ ржЖржкржирж╛рж░ рж╕рж╛ржерзЗ ржоржирзБ ржЖржжржо ржпржд
ржлрж╛рж▓рждрзБ ржЯржкрж┐ржХ ржирж┐рзЯрзЗ ржЖрж▓рзЛржЪржирж╛ ржХрж░рзЗ рж╕ржорзЯ ржирж╖рзНржЯ ржХрж░ржмрзЛ, ржЖржорж╛рж░ ржПржЦржи рж▓рзНржпрж╛ржм ржпрзЗрждрзЗ рж╣ржмрзЗ ржЧрж╛ржЗржбрзЗрж░ ржХрж╛ржЫрзЗ
ржерж┐ржУрж░рж┐ ржЬржорж╛ ржжрзЗржУрзЯрж╛рж░ рж▓рж╛рж╕рзНржЯ ржПрж╕рзЗ ржЧрзЗржЫрзЗ ржХрж╛ржЬрзЗржЗ ржЖржкржирж╛рж░ ржнрж╛ржЯ ржмржХрж╛ ржжрж┐рзЯрзЗ ржЖржорж╛рж░ ржЪрж▓ржмрзЗржирж╛ ЁЯдгЁЯдг",0
2659,2660,ржЬрждрж╛рж░рзНрже ржЬржмрж╛ржм ржжрж┐рзЯрзЗржЪ,0
1162,5946,ЁЯШВЁЯШВЁЯШВЁЯШВЁЯШВЁЯШВЁЯШВЁЯШВ,0
2634,2635,Dada tmr Bari kothy goo coochbeher a naki hmm ...,0
2209,2210,Jio boss Ake bole vikari k boro korte gale nijeke o majhe majhe choto hote hoi,0
149,150,ek balti ukun ki ki apnar mathay paltachen??ЁЯШВЁЯШВЁЯШ╣ЁЯШ╣,0
2493,2494,"thanks bai video ta dewar jonno
kotha gula tik bolechen",0
964,965,"Ami tomar chanel a notun
khub valo laglo vdo ta ,darunЁЯШВЁЯШВ",0
654,4481,ржЕржирзЗржХ рж▓ржЬрзНржЬрж╛ рж╣ржпрж╝ ржХрж╛рж░ржг ржЖржкржирж┐ ржПржХржЯрж╛ ржмрж╛ржЩрж╛рж▓рж┐ ржорзЗржпрж╝рзЗ,0
769,4596,рж╕рж╛рж▓рж╛ ржорж╛рж▓рж╛рзЯржирж░рж╛ рж╕ржмржХрж┐ржЫрзБржЗ ржкрж╛рж░рзЗ ржУржжрзЗрж░ ржЖржмрж╛рж░ рж▓ржЬрзНржЬрж╛ ржЖржЫрзЗ ржирж╛ржХрж┐,0
657,4484,Vakry Kono din monus. Hai na o a kutta meya,0
23,24,Akdom thik bolechen dada,0
1248,1249,"ETA jodi Muslim der hoto thole aro loke kto ki blto .. eitoh Muslim der
character r kono thik nei kintu era to hindu akhn ki blbe public .. shame on
our society.. hindu Muslim e ki6u ase jay na .. jar manosikota jmn se temon e
kore .. tai kichu blar age vabun du bar ..",0
68,4852,majidul islam fahad ржХржЦржирзЗ,0
2446,2447,Really Dada ei rokom 1ta video dorkar chilo oi mohilar jonno,0
66,3893,ЁЯШЕЁЯШЕЁЯШЕЁЯШЕ,0
2704,2705,"Are ranumandal akta siyana pagol amaro age valo lagto but akhon mukh dakhly
matha gorom hoye jai ЁЯШбЁЯШбЁЯШб r ranu mandal to ohonkari to a6y ataty kono sondeho
nai",0
165,4949,"apnar kotha sotti... atit vula thik noi.... kintu bhaiya... ei vabe kaw k niye
insult kora taw thik na... tyna?? by the way... your presentation was good.
best of luck.",0
1720,1721,Akdm tik,0
802,5586,ржЦрзБржм рж╕рзБржирзНржжрж░,0
3633,3634,"Uni amon korchen jeno kotobor, ---------er theke valo anek singer ache aii
varote ...orom edit korle sobar gan e valo lagbe..ЁЯШб",0
346,5130,video ta valo hoyaca boss,0
1261,1262,Lekha pora nokora manuhe besi telentet hoi kito tar ahongkar,0
591,4418,ржПржЯрж╛рж░ ржХрзЛржерж╛рзЯ,0
1256,1257,"Same time raster more dar koriye pathor mere mere Mara uchit sob guloke,",0
2005,2006,ржПржжрзЗрж░ ржХрзЗ ржлрж╛ржБрж╕рж┐ ржжрзЗржУрзЯрж╛ ржнрж╛рж▓рзЛ рж╣рзЯрзЗржЫрзЗ,0
219,4046,Akdom tik bolaso dada,0
1069,1070,"Eder ke bachiye rekhle bekar ,,sorkareri loksan tar theke eder sob kota ke
nihshongso vabe mere deoa valo...jotoh sob noroker kit,,,janoar er theke o
joghonno era",0
761,5545,ржмрж┐ржЦрзЗрж░рж┐ ржмрж┐ржЦрзЗрж░рж┐ ржерж╛ржХрзЗ,0
284,5068,seraЁЯШЖЁЯШЖЁЯШЖЁЯШЖЁЯШЖ,0
188,4972,superb lagche bhai,0
542,5326,ur channel n u ЁЯдоЁЯдоЁЯдоЁЯдоЁЯдоЁЯдоЁЯдоЁЯдоЁЯдоЁЯдоЁЯдоЁЯдоЁЯдо,0
1645,1646,Samajar janjal,0
3371,3372,"@md rony
ЁЯШК",0
283,5067,"ржнрж┐ржбрж┐ржУ ржЯрж╛рж░ рж╢рзЗрж╖ ржЕржВрж╢ ржЯрж╛ ржЦрзБржмржЗ ржнрж╛рж▓рзЛ рж▓рж╛ржЧрж▓рзЛ  
  
  
i agree with you",0
617,618,ржжрж╛ржжрж╛ рж░рж╛ржирзБ ржоржирзНржбрж▓ ржХрзЗ ржЖржмрж╛рж░ ржнрж┐ржХрзНрж╖рж╛ ржХрж░рж╛ ржжрзЗржЦрждрзЗ ржЪрж╛ржЗ,0
1254,1255,Marina Jahan hmmm setai ЁЯШВЁЯджЁЯП╝тАНтЩАя╕П,0
111,4895,рж╣рж┐ржирзНржжрзБ рж░рж╛ржЗрждрзЛ ржПрж░ржХрзЛржо рж╣рзЯ,0
337,4164,Thik bolachen,0
790,5574,vlo lagloЁЯШК,0
2608,2609,ЁЯСНЁЯСНЁЯСНЁЯСН,0
252,4079,Bokachoda Ranu,0
1132,5916,"dada ami pratik majhi ,tmr gan ta kintu hebby chilo",0
3312,3313,"DARUN BHAI DILE TUMI""",0
2646,2647,"Eta thik noy asole ekjon manush gorib theke boro look hole or pechone sotru
legei thake jemon tumi je vave ranu mondoler bepae mitthe kota bolcho aslo
manush der ke boka baniye ranu mondoler opoman korcho video ta asole edit kora
posto kore bujha jacche",0
576,577,"Okrithoggo mohila aktaЁЯШбЁЯШб

Birokthikor",0
2745,2746,Prithibi te atai baki 6ilo hoyar,0
3235,3236,"рж╕ржмрж┐ржЗ ржнрж╛рж▓рзЛ рж▓рж╛ржЧрж▓рзЛ ржХрж┐ржирзНрждрзБ ржХрзЛрзЯрзЗрж▓ ржорж▓рж┐рж▓ржХ рж╕ржмрж╛рж░ рж╕рж╛ржоржирзЗ рж░рж╛ржирзБржжрж┐рж░ ржорзБржЦрзЗ ржЬрзБрждрж╛ ржЫрзБрзЬрзЗ
ржорж╛рж░рж▓рзЗржи,ржПржЯрж╛ рждрзЛ ржжрзЗржЦрж╛ржЗрж▓рзЗржи ржирж╛ред",0
327,328,"ржПрждрзЛ ржХржерж╛ ржирж╛ ржмрж▓рзЗ ржУрж░рзЗ ржУрж░ ржЬрж╛ржпрж╝ржЧрж╛ржпрж╝ ржмрж╕рж┐ржпрж╝рзЗ ржжрзЗржи ржнрж┐ржХрзНрж╖рж╛рж░ ржЭрзБрж▓рж┐ ржирж┐ржпрж╝рзЗред ржжрзЛрж╖ рждрзЛ ржЖржкржирж╛рж░
ржжрзЗрж░рзЗржЗред ржПржХржЯрж╛ ржХрж┐ржЫрзБ ржирж┐ржпрж╝рзЗ ржЕрждрж┐рж░рж┐ржХрзНржд ржмрж╛ржбрж╝рж╛ржмрж╛ржбрж╝рж┐ ржХрж░рж▓рзЗ ржПржорзЛржирж┐ржЗ рж╣ржпрж╝ред",0
721,722,Knob. Valo,0
355,5139,bhai tui akbar ranu ke prank call kor plz plz plz,0
1429,1430,Ay rakam bahen cho.. Ko pitiya mera fela uchit..... Chi joto sob nongra,0
94,95,ржФ ржХрж┐ ржжрж┐рж▓рзЗ,0
1972,1973,Thank dada asob kotha gulo tula dharar jono. Very very thank dada.,0
701,702,"ржмрж╛рж╣!!! ржжрж╛рж░рзБржиржЪрзЛржжрж╛ рж▓рзЛржХ рждрзЛ ржЖржкржирж┐!!!
ржмрзНрж▓ржЧрж┐ржВ ржПрж░ ржирж╛ржорзЗ ржнрж╛рж▓ржЗ ржорж╕рзНрждрж┐ ржирж┐ржЪрзНржЫрзЗржи!!",0
2269,2270,ржПржХржжржо ржарж┐ржХ ржХржерж╛ ржмрж▓рзЗржЫрзЗржи!ЁЯСН,0
628,4455,Darun bolo cho dada,0
3777,3778,"рж╣рж┐ржорзЗрж╕рзЗрж░ ржоржд ржлрж╛рж▓рждрзБ Singer ржПрж░ рж╕рж╛ржерзЗ рзирж▓рж╛ржЗржи ржЧрзЗржпрж╝рзЗ ржирж┐ржЬрзЗржХрзЗ ржЕржирзЗржХ рз░ржбрж╝ ржнрж╛рз░ржЫрзЗ,",0
750,4577,"Just awesome, Jake bole fatafatiЁЯШВЁЯдгЁЯШВтШ║я╕П",0
1783,1784,Oi vikharike selibreti theke namiye din keno rekhechen dada,0
1096,1097,Lat mere niche labano uchit.ranu k,0
1181,5965,chorom chorom тЭдтЭд,0
1102,5886,"tumi akdom thik thak kotha bolo dadaЁЯШМЁЯШМЁЯШМЁЯШМ  
but akbar o like koroni amr comment taЁЯШС  
  
  
omg thank you dadaЁЯТГЁЯТГЁЯТГЁЯТГЁЯе│ЁЯе│ЁЯе│ЁЯе│ЁЯе│ЁЯе│ЁЯе│ЁЯдйЁЯдйЁЯдйЁЯдйЁЯОАЁЯОКЁЯОКЁЯОЙЁЯОЙЁЯОЙЁЯОЙЁЯНл",0
1027,5811,ekdm thik ....ekhane borolok ba gorib loc r thekeo besi important mentality,0
36,37,Kak ke moyur banano jabena,0
404,4231,ржХрзБржХрзБрж░рзЗрж░ рж▓рзЗржЬ ржХржЦржи рж╕рзЛржЬрж╛ рж╣рзЯ ржирж╛,0
1640,1641,"Aii Ranu dir jonno W.B shoho gota world taa .... kii blbo akn unake sottie
birokto laghe.",0
3252,3253,Ader shasti hok...pls.ЁЯШнЁЯШнЁЯШнЁЯШн,0
61,62,Amader ranaghate ranu di,0
2275,2276,Sali mirjafor,0
847,4674,"Ranuu goo Ranuu
Lagboo tmr Karr Nunuu??
Himeshh Salmann nakii Sonuu??",0
2731,2732,ЁЯШАЁЯШАЁЯШАЁЯШВЁЯШВЁЯШВЁЯШВЁЯШВЁЯШВЁЯШВ,0
2169,2170,ржЬрж╛ржирзЛржпрж╝рж╛рж░ ржЧрзБрж▓рж╛рж░ рж╕ржм ржХржпрж╝ржЯрж╛рж░ ржлрж╛рж╕рж┐ ржжрзЗржУржпрж╝рж╛ ржУржЪрж┐ржж ржЫрж┐рж▓рзЛ,0
533,4360,Rone shilpi pasta girl jaane,0
463,5247,ranu k boom mra drkr....... 2i besi dur jete prbina ......ЁЯШПЁЯШПЁЯШПЁЯШПЁЯШПЁЯШПЁЯШП,0
247,248,ржжрж╛рж░рзБржи ржЯржкрж┐ржХредржПржХржжржоржЗ ржарж┐ржХ ржарж╛ржХ ржЙржУрж░ред,0
540,4367,ржПржЗржЯрж╛ рж╣рж▓рзЛ ржЖрж╕рж▓ рж╕рзЯрждрж╛ржи,0
1949,1950,ЁЯСНЁЯСНЁЯСНЁЯСНЁЯСНЁЯСНdada akdom tik bolecho,0
501,4328,ржмрзЗржЗржорж╛ржи ржорзЗржпрж╝рзЗ,0
103,4887,islam a to...vai- bon o... biye kore,0
643,644,ржарж┐ржХ ржмрж▓рзЗржЫрзЗржи ржнрж╛ржЗ,0
3147,3148,Amar channel tao subscribe Kore dao plz. Help for 1k,0
2621,2622,"@Ajitadhikary Ajit ржнрж╛ржЗ ржжрзНржмрж┐рждрзАржпрж╝ ржХржерж╛ржЯрж╛рж░ ржмрзНржпрзБрзОржкрждрзНрждрж┐ржЧржд ржЕрж░рзНрже ржХрж┐! ржЖржкржирж╛ржжрзЗрж░ ржЬржирзНржп ржжрзЯрж╛
рж╣рзЯредржЖржкржирж╛ржжрзЗрж░ ржХрзНрж╖ржорждрж╛ ржУржЗ ржмрж┐ржЫрж╛ржирж╛ ржкрж░рзНржпржирзНржд ржЗред",0
249,4076,nais khubsondor 9382391004,0
806,807,Darun dela dadaЁЯСМЁЯСМЁЯСНЁЯСН,0
2606,2607,ржЬрж╛ржЗржЧрж╛ ржЯрж╛ ржХрзЛржерж╛ржпрж╝ ржнрж╛ржЗ,0
1880,1881,Dadavaii akdom thik bolcho and ami tomar big fan тЭдтЭдтЭдтЭд you are the best,0
3339,3340,"Manus jato safollo pay,namrota tatoi besi hoy.but seta to or blood e nei.ei
karonei bale bangso porichy.setai to or me sikheche.tai bhikhiri ma ke dekheni
r celebrity ma ke jorie photo post koreche",0
3181,3182,ржХрж┐ ржжрж┐рж▓рж┐ рж░рзЗ ржнрж╛ржЗ рждрзБржЗ ЁЯдгЁЯдгЁЯдг,0
2780,2781,Hi hi,0
514,4341,ba dada dorun video vekere choda ranu,0
2924,2925,Kana coda video,0
136,137,"Dakhar por see din ghumote parini Ami.meyeta ki kosto Tai na peyeche real
meyetar ghoto na gulo sunlm suire uthechi",0
131,132,Baba ki khisti dicche,0
1151,5935,"nice video  
sesher kotha gulo khub valo laglo",0
2989,2990,"APU U R D BEST....TUMI KHUV SUNDAR....TOMAR MONN KHUV SUNDAR- ~~\--FROM~~
PRADIP-INDIA(KOLKATA)",0
880,4707,Right kotha bole6en Dada....Ranu Mondal Ai sob r joggoi na..,0
1519,1520,ржЦрзБржм ржнрж╛рж▓рзЛ ржкрзБрж▓рж┐рж╢ ржлрж╛ржЗрж▓,0
786,787,"Muslim rai emn kaj korte pare, janoyar bachara, oder sobar fasi chai",0
602,5386,bak bak bak...... bak... bak... ЁЯШП,0
1608,1609,ЁЯдоЁЯдоЁЯШбЁЯШаЁЯШбЁЯШаЁЯШбЁЯШаЁЯШбЁЯШаЁЯШбЁЯШбЁЯШаЁЯШбЁЯШбЁЯдмЁЯдмЁЯШаЁЯШаЁЯдмЁЯШаЁЯШбЁЯШаЁЯШаЁЯШбЁЯШбЁЯШбЁЯдмЁЯШбЁЯдмЁЯШбЁЯШаЁЯШаЁЯдоЁЯдоЁЯШаЁЯШаЁЯШаЁЯШаЁЯШаЁЯШ╡ЁЯШ╡ЁЯШ╡ЁЯШ╡ЁЯдкЁЯдкЁЯдкЁЯдкЁЯШ╡ЁЯШ╡ЁЯдоЁЯШбЁЯШаЁЯШаЁЯШаЁЯШаЁЯШаЁЯШаЁЯШаЁЯШаЁЯШаЁЯШаЁЯШаЁЯШаЁЯШбЁЯШбЁЯШбЁЯШбЁЯШбЁЯШаЁЯШаЁЯШаЁЯШаЁЯШаЁЯШаЁЯдмЁЯдмЁЯдмЁЯдмЁЯдмЁЯдмЁЯдмЁЯдмЁЯдмЁЯдмЁЯдмЁЯдмЁЯдмЁЯдмЁЯдмЁЯдмЁЯШбЁЯШаЁЯдоЁЯдоЁЯШбЁЯШаЁЯШаЁЯдмЁЯШаЁЯШаЁЯдмЁЯШаЁЯШаЁЯШаЁЯШаЁЯШаЁЯдмЁЯШаЁЯШаЁЯШаЁЯШаЁЯШаЁЯШаЁЯдмЁЯдмЁЯШаЁЯШбЁЯШаЁЯдзЁЯдзЁЯдзЁЯдоЁЯШбЁЯШаЁЯШаЁЯШаЁЯдзЁЯдзЁЯдзЁЯШаЁЯШаЁЯШаЁЯШаЁЯдоЁЯШаЁЯШаЁЯдмЁЯШаЁЯШбЁЯШаЁЯдмЁЯдмЁЯШаЁЯШбЁЯШаЁЯШаЁЯШаЁЯШаЁЯШаЁЯШаЁЯШ╖ЁЯдмЁЯШаЁЯШаЁЯШаЁЯШ╖ЁЯдмЁЯдмЁЯдмЁЯШаЁЯШаЁЯШаЁЯШаЁЯШаЁЯШбЁЯШбЁЯдмЁЯШаЁЯШаЁЯШаЁЯШаЁЯШаЁЯШаЁЯШаЁЯШаЁЯдмЁЯдмЁЯШаЁЯШаЁЯШаЁЯШаЁЯШаЁЯШаЁЯШаЁЯШаЁЯШаЁЯШаЁЯдбЁЯШИЁЯС┐ЁЯС┐ЁЯС┐ЁЯС┐ЁЯС┐ЁЯС┐ЁЯС┐ЁЯС┐ЁЯС┐ЁЯС┐ЁЯС┐ЁЯС┐ЁЯС┐ЁЯС┐ЁЯС┐ЁЯС┐ЁЯС┐ЁЯС┐ЁЯС┐ЁЯС┐ЁЯС┐ЁЯС┐ЁЯС┐ЁЯС┐ЁЯС┐ЁЯС┐ЁЯС┐ЁЯС┐ЁЯС┐ЁЯС┐ЁЯС┐ЁЯШИЁЯШИЁЯШИЁЯШИЁЯС┐ЁЯС┐ЁЯС┐ЁЯС║ЁЯС╣ЁЯС╣ЁЯС╣ЁЯС╣ЁЯС╣ЁЯС║ЁЯС╣ЁЯС╣ЁЯС║ЁЯС║тШая╕ПтШая╕ПЁЯТАЁЯС║ЁЯС╣ЁЯС╣ЁЯС╣ЁЯС╣ЁЯС╣ЁЯШаЁЯШаЁЯШбЁЯШаЁЯШаЁЯШаЁЯШаЁЯШаЁЯШаЁЯШбЁЯШбЁЯдмЁЯдмЁЯШбЁЯШбЁЯдмЁЯдмЁЯдоЁЯШбЁЯШбЁЯдоЁЯШбЁЯдоЁЯШбЁЯШбЁЯШаЁЯШбЁЯдоЁЯШбЁЯШбЁЯдоЁЯШбЁЯдоЁЯдоЁЯШбЁЯШбЁЯдоЁЯШбЁЯШбЁЯдоЁЯШбЁЯдоЁЯдоЁЯШбЁЯШбЁЯдоЁЯШбЁЯдоЁЯдоЁЯШбЁЯШбЁЯдоЁЯШбЁЯШбЁЯдоЁЯШбЁЯдоЁЯдоЁЯШбЁЯШбЁЯШбЁЯдоЁЯШбЁЯШбЁЯдоЁЯШбЁЯШбЁЯдоЁЯШбЁЯдоЁЯдоЁЯШбЁЯдоЁЯдоЁЯШбЁЯШбЁЯШаЁЯШаЁЯШаЁЯШаЁЯШаЁЯдмЁЯШаЁЯШбЁЯдмЁЯдмЁЯШбЁЯдмЁЯдмЁЯШ▒ЁЯдмЁЯШаЁЯШбЁЯШаЁЯШаЁЯШаЁЯШбЁЯШбЁЯШаЁЯШбЁЯдмЁЯдмЁЯШбЁЯдмЁЯдмЁЯШаЁЯШбЁЯШаЁЯдмЁЯдмЁЯШбЁЯШаЁЯдмЁЯШ╖ЁЯдзЁЯдзЁЯдзЁЯдзЁЯШаЁЯШбЁЯШбЁЯдвЁЯдвЁЯдвЁЯШбЁЯШаЁЯдмЁЯШбЁЯШаЁЯдмЁЯШбЁЯШбЁЯШаЁЯШаЁЯШбЁЯШбЁЯШаЁЯШаЁЯдмЁЯШаЁЯШбЁЯе╡ЁЯе╡ЁЯе╡ЁЯе╡ЁЯе╢ЁЯе╡ЁЯШ▒ЁЯШ▒ЁЯе╡ЁЯе╢ЁЯе╡ЁЯШ░ЁЯШ░ЁЯШ░ЁЯе╡ЁЯе╢ЁЯе╡ЁЯШбЁЯШаЁЯдмЁЯдмЁЯдТЁЯШ╡ЁЯдХЁЯШЗЁЯдоЁЯШ╖ЁЯдХЁЯШ╖ЁЯШаЁЯШЦЁЯЩБЁЯЩБЁЯЩБЁЯдоЁЯШаЁЯдмЁЯШбЁЯе╡ЁЯдмЁЯШбЁЯдоЁЯШбЁЯШаЁЯе╡ЁЯШ▒ЁЯШбЁЯдмЁЯШаЁЯШбЁЯдмЁЯШаЁЯдоЁЯШ▒ЁЯШаЁЯдоЁЯдмЁЯШбЁЯдмЁЯдмЁЯдзЁЯШбЁЯШбЁЯШаЁЯдмЁЯШаЁЯдмЁЯШаЁЯШаЁЯШаЁЯдмЁЯШ▒ЁЯШ▒ЁЯдмЁЯдмЁЯдмЁЯдмЁЯдмЁЯдмЁЯдмЁЯдмЁЯдмЁЯдмЁЯе╡ЁЯе╡ЁЯдмЁЯе╡ЁЯдмЁЯе╡ЁЯдмЁЯдмЁЯдмЁЯдмЁЯдмЁЯдмЁЯдмЁЯдмЁЯШаЁЯдмЁЯдмЁЯдмЁЯдм,0
215,216,ржХрж┐ржЫрзБ ржХрж░рж╛рж░ ржирзЗржЗ рж╕ржмржЗ ржкрж░рж┐рж╕рзНржерж┐рждрж┐ ржХрж░рждрзЗ ржмрж╛ржзрзНржп ржХрж░рзЗ,0
1014,1015,Thut musuk,0
2672,2673,habby v d o,0
1041,1042,ржирж╛ рж╣ржпрж╝ ржПржХржЯрж╛ рж╕рж░рж┐ ржмрж▓ржмрзЗ,0
925,5709,mon ta juralo,0
310,311,ржХрзБржХрзБрж░рзЗрж░ ржкрзЗржЯрзЗ ржШрзА рж╣ржЬржо рж╣рзЯ ржирж╛,0
3688,3689,O Rakam mone hoi,0
1039,5823,"so cute dada  
nice video ЁЯСМЁЯСМ..  
my cute favorite youtuber тЭдя╕ПЁЯНлЁЯНл khubb khubb valo hoyaa6e",0
2481,2482,Durdanto video topic ta,0
3141,3142,ржЖрж░рзЗ ржнрж╛ржЗ ржмрзЗ ржЬрж╛рждрзЗрж░ ржорж╛ржирзБрж╖ ржЬрж╛ржд ржЙржарж▓рзЗ ржПржоржи ржУржЗ рж╣рзЯ!,0
3191,3192,рж░рж╛ржирзБ ржоржирзНржбрж▓ ржПржХржЯрж╛ ржЦржпрж╝рж░рж╛рждрж┐рж░ ржмрж╛ржЪрзНржЪрж╛,0
3523,3524,"ржПржЦрж╛ржирзЗ ржХрзЛрзЯрзЗрж▓ ржорж▓рзНрж▓рж┐ржХ ржХрзЛржерж╛рзЯ ржЬрзБрждрзЛ ржорж╛рж░рж▓рзЛ ???? ржмрж▓рждрзЗ ржмрж╛ржзрзНржп рж╣ржЪрзНржЫрж┐ ржмрзЛржХрж╛ржЪрзЛржжрж╛ ржПржоржи ржЯрж╛ржЗржЯрзЗрж▓
ржжрж┐ржУ ржирж╛ред",0
179,180,Ake Bos Akamon lok Aje naeyka je,0
505,506,Ami to mar shata akmot,0
786,5570,ржлрж╛рж▓рждрзБ ржнрж┐ржбрж┐ржУред,0
1442,1443,Apni tik bolechen vai,0
271,5055,tmr video gulo amr khb vlo lageЁЯе░ЁЯе░,0
637,4464,"рж░рж╛ржирзБржжрж┐рж░ ржЬржирзНржп ржорж╛ржи ржЧрж╛ржЫрзЗ ржЭрзБрж▓рзЗ ржкрзЬрждрзЗ ржЗржЪрзНржЫрж╛ ржХрж░рзЗ ,,,ЁЯШаЁЯШаржПржд ржмрж┐рж░ржХрзНрждрж┐ржХрж░ ржорж╣рж┐рж▓рж╛ ,,,",0
717,718,ржмрзЗрзЯрж╛ржжржм ржЕржкрзБ,0
353,4180,akdom perfect Katha,0
2308,2309,Rastar vikhari abr Koto ktha...,0
3802,3803,Hatttt sala dhappabaji,0
47,48,@Surajit Chakraborty ржЖржкржирж┐ ржХрж┐ ржмрзБржЭрж┐рзЯрзЗржЫрзЗржи ?,0
125,4909,saikat talukdar amaro,0
1582,1583,"same content every day,,,,,now this is boaring",0
869,870,Thik bolchen vaiya.payer juto k mathai tulle se tw nacbeye,0
1184,1185,Sera diyechhen,0
739,4566,ржПрж░рж╛ ржпржерзЗрж╖рзНржЯ ржнржжрзНрж░ ржПржмржВ ржоржирзЗ рж╣рж▓рзЛтЭд,0
734,5518,ugli & pagli,0
391,392,"рж░рж╛ржирзБ ржжрж┐ржжрж┐ ржирж┐ржЬрзЗрж░ ржорзБржЦрзЗрж░ ржжрзЛрж╕рзЗ рж╕ржХрж▓рзЗрж░ ржнрж╛рж▓рзЛ ржмрж╛рж╕рж╛ рж╣рж╛рж░рж╛рж▓рзЛред ЁЯТРржПржХ ржПржХ ржЬржирзЗрж░ рж▓рж╛ржЗржХ ЁЯТЧржУржирж╛ржХрзЗ ржУрждрзЛ
ржЙржкрж░рзЗ ржирж┐рзЯрзЗ ржЧрзЗржЫрзЗред ржЙржирж┐ ржЖржЬ ржорж╛ржирзБрж╖ ржХрзЗ ржорж╛ржирзБрж╖ ржмрж▓рзЗ ржоржирзЗ ржХрж░ржЫрзЗржи ржирж╛ред ржорж╛ржирзБрж╖ рж░рзБржкрзЗ ржнржЧржмрж╛ржи рж╕рзЗржЯрж╛ржЗ
ржнрзБрж▓рзЗ ржЧрзЗрж▓рзЗржи рж░рж╛ржирзБржжрж┐ред ЁЯЩП",0
982,983,"Mirakkhel theke tomar dekhchi... Khub valo bolecho. Onar moto anek valo valo
erom singer ache.. Bt ja ja bolecho akdom thik",0
3128,3129,рж╕рзБржкрж╛рж░ ржнрж╛ржЗ,0
2645,2646,Ranu mondol k juto chhure marar clip ta to dekhano holo na,0
423,4250,Aak dom tik dada ai ohogkar e sob sas kora daii,0
3786,3787,ржПржЗ ржЬржирзНржп рж▓рзЛржХрзЗ ржмрж▓рзЗ ржкрж╛рзЯрзЗрж░ ржЬрзБрждрж╛ ржорж╛ржерж╛рзЯ рждрзБрж▓рждрзЗ рж╣рзЯ ржирж╛,0
3634,3635,ржнрж╛рж▓рзЛ ржорж╛ржирзБрж╖рзЗ ржЪрж░ ржЦрж╛рзЯ ржЧрж╛рж▓ рж╣рж╛рждрж┐рзЯрзЗ ржШрж░рзЗ ржпрж╛рзЯ,0
753,754,Tumi ekdom thik kotha bolo,0
613,614,рж╕рзБржкрж╛рж░ ржХржерж╛ ржнрж╛ржЗ,0
2508,2509,"рж╕рзЗрж▓рж┐ржмрзНрж░рзЗржЯрж┐ рж╣рзЯржд рж╣рзЯрзЗ ржХрж┐ржирзНрждрзБ ржЖржЪрж╛рж░ржгржЧржд ржХрзМрж╢рж▓ ржнрж┐ржХрзНрж╖рж╛рж░рзАржЗ рж░рзЯрзЗ ржЧрзЗржЫрзЗ, рждрзЛ ржнрж┐ржХрзНрж╖рж╛рж░рзАрж░
ржоржирзНрждржмрзНржп ржЖрж░ ржХржд ржнрж╛рж▓рзЛ рж╣ржмрзЗ!? ржпрж╛ржХрзЗ ржпрзЗржЦрж╛ржирзЗржЗ рж╢рзЛржнрж╛ ржкрж╛рзЯ рждрж╛ржХрзЗ рж╕рзЗржЦрж╛ржирзЗржЗ рж░рж╛ржЦрж╛ ржЙржЪрж┐рзО!",0
535,4362,ржЖржкржирж┐ ржХрзЛржирзЛ ржнрзБрж▓ ржмрж▓рзЗржирж┐. рж░рж╛ржирзБ ржоржирзНржбрж▓ ржирж┐ржЬрзЗржХрзЗ ржЦрзБржм ржмрзЬрзЛ ржнрж╛ржмрзЗ.,0
835,5619,akhane kharap lagar moto kicchu nei tumi jaa jaa bolle akdom sotti.,0
1164,1165,"рждрзЛржжрзЗрж░ ржХрзЛржирзЛ ржзрж░рзНржо ржЖржЫрзЗ ржЖржХрж╛ржЯрж╛ ржирзЛржорзЛ ржПржХржЬржирзЗ ржзрж░рзНржо рж▓рж┐ржЦрзЗ ржЦрзЗржЫрзЗ рждрж╛ рждрзЛрж░рж╛ ржкрж╛рж▓ржи ржХрж░ред рждрзЛржжрзЗрж░
ржзрж░рзНржорзЗ ржнржЧржмрж╛ржи рж╣рж▓рзЛ рж╕рж╛ржк,ржмрж╛ржирж░,рж╣рж╛рждрж┐,ржЧрж░рзБ, ржзржи, ржЫрж╛ржорж╛ ржЗрждрзНржпрж╛ржжрж┐ ржПржЦржи ржмрж▓ рждрзЛржжрзЗрж░ ржзрж░рзНржо ржХрж┐ ржЖрж░
ржорзБрж╕рж▓ржорж╛ржирзЗрж░ ржзрж░рзНржо ржХрж┐ ржирж┐ржЬрзЗ ржПржХржЯрзБ ржнрж╛ржмрждрзЛредрждрж╛ржЗ ржирж╛ ржпрзЗржирзЗ ржХржерж╛ ржмрж▓ржмрж┐ ржирж╛ред",0
180,4964,btw tomar hasi ta khub sundor ЁЯдУ,0
1112,1113,"""ржмрж╛ржГ рж░рж╛ржирзБ ржжрж┐ ржмрж╛ржГ"" ржЖрж░ ржХрж┐ ржмрж▓рж╛рж░ ржЖржЫрзЗЁЯЩДЁЯЩД",0
3572,3573,Vai jaigata kotai,0
867,5651,dada aapni thik bolechen amar khub valo laglo,0
1165,5949,sotti kotha,0
2821,2822,"Daad, tumi kno vhul kotha bloni sob e thik bolecho.sotti kotha bolte ki ami
aga ranu ke khub vlo bastm karon ami o bangali r bangalir name rakhar jonno
vlo akta protiva amdr ranaghater ranu mandol.but pore ranu mandol je sob kotha
bollo ta sune amr kache khub karap laglo ami ranur joto video share korechilm
sob delete kore diyeche, kothai ase na je gorib jodi kotipoti hoy tar oi
goriber habit jabe na r kotipoti jodi gorib hoy tar oi kotipotir habit jabe
na...ai kotha bollm tar jonno tomra kichu mone kro na friends, but ami bolte
baddho holm,...",0
2877,2878,Chere de vai pagol manusЁЯдг,0
2097,2098,ржПрж╕ржм ржХрж┐ржЫрзБ ржЗржирзНржбрж┐рзЯрж╛рждрзЗржЗ рж╕ржорзНржнржм,0
1098,1099,ржЖржкржирж╛рж░ ржнрж┐ржбрж┐ржУ ржнрж╛рж▓рзЛ рж▓рзЗржЧрзЗржЫрзЗ ржжрж╛ржжрж╛,0
265,266,Vikkuk to vikkuki thakbe,0
693,694,ami support kori...,0
3272,3273,ржкрж╛ржЧрж▓ рж╕ржм,0
370,4197,Soitan .... Lofar akta women ЁЯШаЁЯШаЁЯШа,0
1072,5856,ЁЯдгЁЯдгЁЯдгЁЯдгЁЯдгlvl,0
2167,2168,Soumya banan ta vul lekhar ki khub dorkar chilo,0
3397,3398,"dada. amie. Bangladesh theke. bolteci. apnar. boro. fan. hoye. gelam. dada.
kuv. valo. hoyce.",0
2559,2560,hahaha.....ranu mondol is real jhanu mondol....,0
511,4338,ржжрж╛ржжрж╛ ржПржжрзЗрж░ ржирж╛ржорзНржмрж╛рж░ ржкрж╛ржмрзЛ,0
2403,2404,Baler balobasa....eta nostami,0
1010,5794,ekdom,0
53,3880,Valo laglo tmr vdo ta,0
1056,1057,"Apni akta faltu lok.ranu akjan asusto mohila.apni ro besi asusto .apni
pagal.apni bhalo lok hole tar picone lagten na.unar moto unake thakte din.apni
paglami korben na.bhalo khabor poribesan korun taka kamai korun.apnar khub
sundar gan buddi anna kaje lagan.",0
197,4981,ЁЯШЖЁЯШЖЁЯШЖЁЯШЖЁЯШЖЁЯШЖ,0
994,5778,300 takaaaa r jalwaaaa,0
3387,3388,"ржПржХржЯрж╛ ржлрж╛рж▓рждрзБ рж╕рж┐ржжрзНржмрж╛ржирзНржд ржХржЦржирзЛ ржнрж╛рж▓ ржкрж░рж┐ржирждрж┐ ржбрзЗржХрзЗ ржЖржирзЗржирж╛,,ржПржЗрж╕ржм ржкрж╛ржЧрж▓рж╛ржорж┐ ржЫрж╛ржЧрж▓рж╛ржорж┐ ржЫрж╛рзЬрж╛ ржЖрж░
ржХрж┐ржЫрзБржЗ ржирзЯ",0
1245,1246,gan amar valo lage kintu asayavata valo lage na.,0
1112,5896,"oho arokm akta kichur drkar chiloЁЯШЫaaaaaaaaaaaaa......... ai sur sunte sunte
kan poche galoЁЯШаai video ta sune fresh holoЁЯШВЁЯдг",0
1173,5957,video ta darun hoye6eЁЯСНЁЯШГЁЯШГ,0
547,4374,ржжрж╛ржжрж╛ ржЖржкржирж┐ ржПржХржжржо ржарж┐ржХ ржмрж▓рзЗржЫрзЗржи ржпрзЗ ржпрзЗржЦрж╛ржиржХрж╛рж░ ржЬрж┐ржирж┐рж╕ рждрж╛ржХрзЗ рж╕рзЗржЦрж╛ржирзЗ рж░рж╛ржЦрж╛ржЗ ржнрж╛рж▓рзЛ,0
2207,2208,"Eke hatano uchith.manus vikhari hyns poristiti manus k kore.or tallent dekhate
gie eto manuk k inslt korar ranu mondal er nei. Ok hatao.",0
518,519,AYAN DAS kutta bole kukurder opoman krbena..kukurder nokher joggo noy era,0
2466,2467,Ai gula na dakhao ai valo,0
2572,2573,Chi chi Ranu mandal!!,0
1361,1362,@Apurba Patra hindu dero to hoi,0
997,5781,khub valo lglo bhai video ta,0
758,4585,Apni Thik bolechen dada bhai oder sala kono kaj nei,0
2777,2778,ржПржжрзЗрж░ ржХрзЛржи ржЪрж┐ржирзНрждрж╛ ржирж╛ржЗ ржорзГрждрзНржпрзБ ржирж┐рзЯрзЗ,0
1034,5818,"ржЦрзБржм ржнрж╛рж▓рзЛ рж▓рж╛ржЧрж▓ ред  
рж╕рзБржирзНржжрж░ рж╣рзЯрзЗржЫрзЗ ред  
ржжрж╛рж░рж╣рзБрж╣рзБрж╣рзБржи ред  
ЁЯСНЁЯСМ",0
3172,3173,Thik bolecho,0
3,4,ржХрж╛ржХрзЗрж░ рж╢рж░рзАрж░рзЗ ржорзЯрзБрж░рзЗрж░ ржкрж╛ржЦрж╛ рж▓рж╛ржЧрж┐рзЯрзЗржЫрзЗ,0
2233,2234,ржЖржкржирж┐ ржарж┐ржХ ржмрж▓ржЫрзЗржи,0
2277,2278,рждрзБржЗ ржЖржорж╛рж░ ржмрж╛рж▓,0
512,513,"ржкрзНрж░рж╢ржВрж╕рж╛ ржХрж░рж╛ ржХржарж┐ржи, ржирж┐ржирзНржжрж╛ ржХрж░рж╛ рж╕рж╣ржЬ ржирж┐ржЬрзЗржХрзЗ рж╢рзЛржзрж░рж╛ржиред",0
609,4436,рж╕рждрзНржпрж┐ ржнрж╛ржЗ ржУржХрзЗ рж╕рж╣рзНржп рж╣рзЯржЫрзЗ ржирж╛ЁЯЧбя╕ПЁЯЧбя╕ПЁЯЧбя╕ПЁЯЧбя╕ПЁЯЧбя╕П,0
93,94,Paglitr gn r sunbona ami,0
648,649,Nije public er sate jochuri kore abar onner vul nie ganbaji merona,0
258,5042,"рж░рж╛ржирзБ ржоржирзНржбрж▓ ржПрж░ ржЧрж╛ржи рж╢рзБржирзЗ ржХрж┐ржмрж▓ржмрзЛ ............ ржПрждрзЗ ржХрж┐ржЫрзБ ржмрж╕рж┐рзЯрж╛ ржирж┐ржУ, ржЖрж░ ржЖржорж╛ржХрзЗ ржПржХржЯрзБ
ржмрж┐рж╖ ржжрж╛ржУ ржПржЗ ржЬрзАржмржи ржЖрж░ рж░рж╛ржЦржмрзЛ ржирж╛, ржЧрж╛ржи ржЗ ржпржжрж┐ ржирж╛ ржпрж╛ржирж┐ рждрж╛рж╣рж▓рзЗ ржПржЗ ржЬрзАржмржи рж░рзЗржЦрзЗ ржХрж┐ рж▓рж╛ржн i",0
3775,3776,Nc vi,0
3613,3614,Osm puro amar moner kotha boleho,0
1085,5869,last ta sera deya6o dada video banane ЁЯШГЁЯШГЁЯШГЁЯШГЁЯдШЁЯШГЁЯШГЁЯШГЁЯШГЁЯШГЁЯдгЁЯдгЁЯдгЁЯдгЁЯдгЁЯдгЁЯдг,0
2008,2009,@Bobita Zara ЁЯШВЁЯШВЁЯШВЁЯдгЁЯдгЁЯдг,0
2807,2808,Last er mohila tar sathe kajj hoyeche mone hoy ЁЯЩВ,0
1231,1232,Akta baje buo tini ranu mandal pagol,0
3205,3206,"Vai......ke Koro Tumi?
Only u tube naki kono job na ki bisness??koto taka help korle last e onader?
Oe je didi,maa e der muk gulo dakhele Oder Kichu u tube basinda der kache
Choto korar cheasta korle......Tate Tumi khub ki moja Pele?
Last e Tomar muk Tao to dakheate parte?
Ae gorib manus der pod e na lege bir er Moto kaj Koro......Kichu govt
depertment er scam video Koro.....
Good luck",0
1604,1605,Sali golar awaj tao valo nah,0
3189,3190,Super vai,0
3713,3714,ржЬрж╛ржорж╛ ржХрж╛ржкрзЬ ржЦрзБрж▓рзЗ ржЖржмрзЗржЧ ржкрзНрж░ржХрж╛рж╢ ржХрж░рзЗржи,0
424,4251,Ses porjonto korei nile,0
3056,3057,Fasi chai,0
366,367,2.4k Dislike jara koreche tara Ranu Mondal er barir lok,0
2178,2179,ржПржЗржЯрж╛ ржХрзЛржи ржЬрж╛рзЯржЧрж╛ ржнрж╛ржЗ,0
1086,1087,"Ranu mondal ekta baje singer gaan toh gaite paris na edhike rata rati singer
nijeke super star mone korchis.....oshobho ekta ukin ala mohila......",0
257,5041,tui sali beiman vikarir bachha,0
942,5726,"ржХрзЛржи ржХржерж╛ рж╣ржмрзЗ ржирж╛, ржПржХрзЗржмрж╛рж░рзЗ рж╕ржарж┐ржХред",0
1160,1161,ржорж╛рж▓рзБрж░ ржмрж╛ржЪрзНржЪрж╛рж░рж╛ ржПржЧрзБрж▓рзЛ ржорж╛ржирзЗ ржирж╛,0
1431,1432,Thas kore kore chor marle gale thik hoye jbe sob,0
3240,3241,ржнрж╛ржЗ ржПржХржЯрзБ ржХрж╖рзНржЯ ржХрж░рзЗ ржмрж▓рзЗ,0
953,5737,sotti khub valo,0
4,4788,"ржПржЗ ржорж╛ржирзБрж╖ржЯрж┐ ржмрж╛рж╕рзНрждржмрзЗрж░ рж╢ржпрж╝рждрж╛ржиржХрзЗ ржлрзЗрж▓ ржХрж░рж┐ржпрж╝рзЗ ржжрж┐ржпрж╝рзЗржЫрзЗ  
рждржмрзЗ ржПржХржЯрж╛ ржХржерж╛ ржорж╛ржирзБрж╖ ржпрждржЗ рж╢ржпрж╝рждрж╛ржирж┐ ржХрж░рзБржХ ржирж╛ ржХрзЗржи ржпрждржЗ ржЪрж╛рж▓ ржЪрж╛рж▓ржХ ржирж╛ ржХрзЗржи ржкрзБрж▓рж┐рж╢рзЗрж░ рж╣рж╛рждрзЗ
ржУржХрзЗ ржкржбрж╝рждрзЗржЗ рж╣ржмрзЗ ржкрзБрж▓рж┐рж╢ ржЬрж┐ржирзНржжрж╛ржмрж╛ржж  
ржЖрж░ ржПрж░ ржХрж╛рж░ржирзЗ рж╣ржЪрзНржЫрзЗ рж╢рж╛рж▓рж┐ ржЧрзБрж▓рзЛ ржбрзНрж░рзЗрж╕ рж╕ржарж┐ржХ ржирж╛ ржкржбрж╝рж╛рж░ ржХрж╛рж░ржгрзЗржЗ ржПржЗрж╕ржм ржЕржмрж╕рзНржерж╛",0
